Subject,Start Date,Start Time,End Date,End Time,All Day Event,Description,Location,Private
"[PAUSE] Study Paused: Family Matters (Week 1 of 2)",09/21/2026,08:00 AM,09/21/2026,06:00 PM,False,"Study paused due to family matters.
Scheduled to resume on Monday, October 5, 2026 with Week 2.",,False
"[PAUSE] Study Paused: Family Matters (Week 2 of 2)",09/28/2026,08:00 AM,09/28/2026,06:00 PM,False,"Study paused due to family matters.
Resumes Monday, October 5, 2026 with Week 2 (ReplicaSets & Self-Healing Controllers).",,False
"[CKA] 8am-12pm: Kubernetes Architecture & Container Runtimes",09/14/2026,08:00 AM,09/14/2026,12:00 PM,False,"CKA STUDY BLOCK (8:00 AM - 12:00 PM)
Topic: Kubernetes Architecture & Container Runtimes

Schedule:
08:00 AM - 08:20 AM: Warm-up: Sketch Kubernetes control plane components from memory
08:20 AM - 09:30 AM: Theory: API Server, Controller Manager, Scheduler, Kubelet, Kube-proxy, ContainerD vs Docker
09:30 AM - 09:45 AM: Movement & Hydration break
09:45 AM - 11:15 AM: KodeKloud Labs: Explore cluster components & ContainerD
11:15 AM - 11:30 AM: Eye rest & mobility
11:30 AM - 12:00 PM: Exploratory: Inspect running static pod manifests in /etc/kubernetes/manifests",,False
"[RECOVERY] 12pm-3pm: Cognitive Reset & Physical Regeneration",09/14/2026,12:00 PM,09/14/2026,03:00 PM,False,"COGNITIVE RECOVERY & INTEGRATION (12:00 PM - 3:00 PM)
12:00 PM - 01:00 PM: Nutritious lunch & total screen detachment
01:00 PM - 02:00 PM: Aerobic exercise / brisk walk outside (BDNF boost)
02:00 PM - 02:45 PM: Power nap or Non-Sleep Deep Rest (NSDR)
02:45 PM - 03:00 PM: Terminal & desk prep for LFCS",,False
"[LFCS] 3pm-6pm: Consoles, Navigation & System Documentation",09/14/2026,03:00 PM,09/14/2026,06:00 PM,False,"LFCS STUDY BLOCK (3:00 PM - 6:00 PM)
Topic: Consoles, Navigation & System Documentation

Schedule:
03:00 PM - 03:20 PM: Terminal navigation speed drills (cd, pushd, popd, ls flags)
03:20 PM - 04:20 PM: Theory: Graphical vs text consoles, man pages (sections 1, 5, 8), info, --help
04:20 PM - 04:35 PM: Walk & cognitive reset
04:35 PM - 05:35 PM: KodeKloud Labs: Logging in and System Documentation
05:35 PM - 06:00 PM: Cheat sheet update: Documentation lookup recipes",,False
"[CKA] 8am-12pm: ETCD Fundamentals & Cluster State Store",09/15/2026,08:00 AM,09/15/2026,12:00 PM,False,"CKA STUDY BLOCK (8:00 AM - 12:00 PM)
Topic: ETCD Fundamentals & Cluster State Store

Schedule:
08:00 AM - 08:20 AM: Retrieval: Role of ETCD in consensus and high availability
08:20 AM - 09:30 AM: Theory: Key-value store, Raft protocol overview, etcd in Kubernetes
09:30 AM - 09:45 AM: Physical reset
09:45 AM - 11:15 AM: KodeKloud Labs: etcd for Beginners & etcd in Kubernetes
11:15 AM - 11:30 AM: Eye rest
11:30 AM - 12:00 PM: Exploratory: Querying etcd endpoint health and members",,False
"[RECOVERY] 12pm-3pm: Cognitive Reset & Physical Regeneration",09/15/2026,12:00 PM,09/15/2026,03:00 PM,False,"COGNITIVE RECOVERY & INTEGRATION (12:00 PM - 3:00 PM)
12:00 PM - 01:00 PM: Nutritious lunch & total screen detachment
01:00 PM - 02:00 PM: Aerobic exercise / brisk walk outside (BDNF boost)
02:00 PM - 02:45 PM: Power nap or Non-Sleep Deep Rest (NSDR)
02:45 PM - 03:00 PM: Terminal & desk prep for LFCS",,False
"[LFCS] 3pm-6pm: Files, Directories, Hard & Soft Links",09/15/2026,03:00 PM,09/15/2026,06:00 PM,False,"LFCS STUDY BLOCK (3:00 PM - 6:00 PM)
Topic: Files, Directories, Hard & Soft Links

Schedule:
03:00 PM - 03:20 PM: File operation warm-up (mkdir -p, cp -r, rm -rf safety)
03:20 PM - 04:20 PM: Theory: Inodes, hard links vs symbolic links (ln vs ln -s), link limits across filesystems
04:20 PM - 04:35 PM: Movement break
04:35 PM - 05:35 PM: KodeKloud Labs: Files, Directories, Hard and Soft Links
05:35 PM - 06:00 PM: Synthesis: Inode verification drills with ls -i",,False
"[CKA] 8am-12pm: Pod Internals & YAML Architecture",09/16/2026,08:00 AM,09/16/2026,12:00 PM,False,"CKA STUDY BLOCK (8:00 AM - 12:00 PM)
Topic: Pod Internals & YAML Architecture

Schedule:
08:00 AM - 08:20 AM: Speed drill: Write a complete Pod YAML from memory
08:20 AM - 09:30 AM: Theory: Pod specification, containers, ports, environment, volumes layout
09:30 AM - 09:45 AM: Hydration & stretching
09:45 AM - 11:15 AM: KodeKloud Labs: Pods & Pods with YAML
11:15 AM - 11:30 AM: Micro-break
11:30 AM - 12:00 PM: Exploratory: Break YAML indentation and observe kubectl error parsers",,False
"[RECOVERY] 12pm-3pm: Cognitive Reset & Physical Regeneration",09/16/2026,12:00 PM,09/16/2026,03:00 PM,False,"COGNITIVE RECOVERY & INTEGRATION (12:00 PM - 3:00 PM)
12:00 PM - 01:00 PM: Nutritious lunch & total screen detachment
01:00 PM - 02:00 PM: Aerobic exercise / brisk walk outside (BDNF boost)
02:00 PM - 02:45 PM: Power nap or Non-Sleep Deep Rest (NSDR)
02:45 PM - 03:00 PM: Terminal & desk prep for LFCS",,False
"[LFCS] 3pm-6pm: Standard Linux File Permissions",09/16/2026,03:00 PM,09/16/2026,06:00 PM,False,"LFCS STUDY BLOCK (3:00 PM - 6:00 PM)
Topic: Standard Linux File Permissions

Schedule:
03:00 PM - 03:20 PM: Octal permission conversion warm-up (rwx calculations)
03:20 PM - 04:20 PM: Theory: Owner, group, other (ugo), chmod (numeric vs symbolic), chown, chgrp, umask
04:20 PM - 04:35 PM: Physical reset
04:35 PM - 05:35 PM: KodeKloud Labs: Standard File Permissions
05:35 PM - 06:00 PM: Synthesis: Default umask calculation drills",,False
"[CKA] 8am-12pm: Multi-Container Pod Patterns & Init Containers",09/17/2026,08:00 AM,09/17/2026,12:00 PM,False,"CKA STUDY BLOCK (8:00 AM - 12:00 PM)
Topic: Multi-Container Pod Patterns & Init Containers

Schedule:
08:00 AM - 08:20 AM: Retrieval: Pod shared network and IPC namespaces
08:20 AM - 09:30 AM: Theory: Sidecar, adapter, and ambassador design patterns; initContainers order of execution
09:30 AM - 09:45 AM: Movement & posture check
09:45 AM - 11:15 AM: KodeKloud Labs: Multi-Container Pods & Init Containers
11:15 AM - 11:30 AM: Eye rest
11:30 AM - 12:00 PM: Exploratory: Shared volume logging sidecar demo",,False
"[RECOVERY] 12pm-3pm: Cognitive Reset & Physical Regeneration",09/17/2026,12:00 PM,09/17/2026,03:00 PM,False,"COGNITIVE RECOVERY & INTEGRATION (12:00 PM - 3:00 PM)
12:00 PM - 01:00 PM: Nutritious lunch & total screen detachment
01:00 PM - 02:00 PM: Aerobic exercise / brisk walk outside (BDNF boost)
02:00 PM - 02:45 PM: Power nap or Non-Sleep Deep Rest (NSDR)
02:45 PM - 03:00 PM: Terminal & desk prep for LFCS",,False
"[LFCS] 3pm-6pm: Special Permissions: SUID, SGID & Sticky Bit",09/17/2026,03:00 PM,09/17/2026,06:00 PM,False,"LFCS STUDY BLOCK (3:00 PM - 6:00 PM)
Topic: Special Permissions: SUID, SGID & Sticky Bit

Schedule:
03:00 PM - 03:20 PM: Permission bit calculation drills (4000, 2000, 1000)
03:20 PM - 04:20 PM: Theory: SUID execution as owner, SGID for shared directories, Sticky bit on /tmp
04:20 PM - 04:35 PM: Walk break
04:35 PM - 05:35 PM: KodeKloud Labs: SUID, SGID, and Sticky Bit
05:35 PM - 06:00 PM: Command ledger update: find / -perm /4000 drills",,False
"[CKA] 8am-12pm: Fast Imperative CLI Mastery with Kubectl",09/18/2026,08:00 AM,09/18/2026,12:00 PM,False,"CKA STUDY BLOCK (8:00 AM - 12:00 PM)
Topic: Fast Imperative CLI Mastery with Kubectl

Schedule:
08:00 AM - 08:20 AM: Retrieval: Fast imperative command generator syntax
08:20 AM - 09:30 AM: Theory: Imperative vs declarative, kubectl run, create, expose, --dry-run=client -o yaml
09:30 AM - 09:45 AM: Physical reset
09:45 AM - 11:15 AM: KodeKloud Labs: Imperative Commands with Kubectl
11:15 AM - 11:30 AM: Micro-break
11:30 AM - 12:00 PM: Speed Synthesis: Set up ~/.bashrc aliases (k, do, now) and vimrc tabstop settings",,False
"[RECOVERY] 12pm-3pm: Cognitive Reset & Physical Regeneration",09/18/2026,12:00 PM,09/18/2026,03:00 PM,False,"COGNITIVE RECOVERY & INTEGRATION (12:00 PM - 3:00 PM)
12:00 PM - 01:00 PM: Nutritious lunch & total screen detachment
01:00 PM - 02:00 PM: Aerobic exercise / brisk walk outside (BDNF boost)
02:00 PM - 02:45 PM: Power nap or Non-Sleep Deep Rest (NSDR)
02:45 PM - 03:00 PM: Terminal & desk prep for LFCS",,False
"[LFCS] 3pm-6pm: Pagers, Vim Mastery & Terminal Editing",09/18/2026,03:00 PM,09/18/2026,06:00 PM,False,"LFCS STUDY BLOCK (3:00 PM - 6:00 PM)
Topic: Pagers, Vim Mastery & Terminal Editing

Schedule:
03:00 PM - 03:20 PM: Vim navigation warm-up (hjkl, w, b, gg, G, 0, $)
03:20 PM - 04:20 PM: Theory: Vim command vs insert mode, visual selection, yanking, search/replace (:s/old/new/g)
04:20 PM - 04:35 PM: Movement break
04:35 PM - 05:35 PM: KodeKloud Labs: Pagers and VI
05:35 PM - 06:00 PM: Error Ledger review & personal ~/.vimrc configuration",,False
"[CKA] 8am-12pm: Week 1 Integration & Speedrun Drill",09/19/2026,08:00 AM,09/19/2026,12:00 PM,False,"CKA STUDY BLOCK (8:00 AM - 12:00 PM)
Topic: Week 1 Integration & Speedrun Drill

Schedule:
08:00 AM - 09:30 AM: Review Week 1 error notes and YAML structures
09:30 AM - 09:45 AM: Movement & hydration
09:45 AM - 11:00 AM: Speed Drill: Generate 20 different Pod manifests without documentation in 20 min
11:00 AM - 12:00 PM: Milestone Assessment 1: Pod deployment and multi-container debugging",,False
"[RECOVERY] 12pm-3pm: Cognitive Reset & Physical Regeneration",09/19/2026,12:00 PM,09/19/2026,03:00 PM,False,"COGNITIVE RECOVERY & INTEGRATION (12:00 PM - 3:00 PM)
12:00 PM - 01:00 PM: Nutritious lunch & total screen detachment
01:00 PM - 02:00 PM: Aerobic exercise / brisk walk outside (BDNF boost)
02:00 PM - 02:45 PM: Power nap or Non-Sleep Deep Rest (NSDR)
02:45 PM - 03:00 PM: Terminal & desk prep for LFCS",,False
"[LFCS] 3pm-6pm: Week 1 Consolidation & Permission Auditing",09/19/2026,03:00 PM,09/19/2026,06:00 PM,False,"LFCS STUDY BLOCK (3:00 PM - 6:00 PM)
Topic: Week 1 Consolidation & Permission Auditing

Schedule:
03:00 PM - 04:15 PM: Permissions speed drill: Audit and enforce correct SUID/SGID/Sticky bits across a mock directory tree
04:15 PM - 04:30 PM: Stretch break
04:30 PM - 05:30 PM: VimGolf / openvim speed challenge
05:30 PM - 06:00 PM: Milestone Assessment 1: System permissions verification",,False
"[CKA] 8am-12pm: ReplicaSets & Self-Healing Controllers",10/05/2026,08:00 AM,10/05/2026,12:00 PM,False,"CKA STUDY BLOCK (8:00 AM - 12:00 PM)
Topic: ReplicaSets & Self-Healing Controllers

Schedule:
08:00 AM - 08:20 AM: Retrieval: ReplicaSet matchLabels vs Pod template labels
08:20 AM - 09:30 AM: Theory: Controller manager loops, desired vs current state, scaling ReplicaSets
09:30 AM - 09:45 AM: Movement & posture reset
09:45 AM - 11:15 AM: KodeKloud Labs: ReplicaSets
11:15 AM - 11:30 AM: Eye rest
11:30 AM - 12:00 PM: Exploratory: Deleting pods to witness reconciliation loop in real time",,False
"[RECOVERY] 12pm-3pm: Cognitive Reset & Physical Regeneration",10/05/2026,12:00 PM,10/05/2026,03:00 PM,False,"COGNITIVE RECOVERY & INTEGRATION (12:00 PM - 3:00 PM)
12:00 PM - 01:00 PM: Nutritious lunch & total screen detachment
01:00 PM - 02:00 PM: Aerobic exercise / brisk walk outside (BDNF boost)
02:00 PM - 02:45 PM: Power nap or Non-Sleep Deep Rest (NSDR)
02:45 PM - 03:00 PM: Terminal & desk prep for LFCS",,False
"[LFCS] 3pm-6pm: File Searching with Find and Locate",10/05/2026,03:00 PM,10/05/2026,06:00 PM,False,"LFCS STUDY BLOCK (3:00 PM - 6:00 PM)
Topic: File Searching with Find and Locate

Schedule:
03:00 PM - 03:20 PM: find command warm-up (-name, -type f, -type d)
03:20 PM - 04:20 PM: Theory: find expressions (-size, -mtime, -user, -perm), -exec vs xargs, locate vs updatedb
04:20 PM - 04:35 PM: Walk & mental reset
04:35 PM - 05:35 PM: KodeKloud Labs: Search for Files
05:35 PM - 06:00 PM: Synthesis: Complex find -exec chmod/rm one-liners",,False
"[CKA] 8am-12pm: Deployments, Rollouts & Revisions",10/06/2026,08:00 AM,10/06/2026,12:00 PM,False,"CKA STUDY BLOCK (8:00 AM - 12:00 PM)
Topic: Deployments, Rollouts & Revisions

Schedule:
08:00 AM - 08:20 AM: Retrieval: Deployment vs ReplicaSet relationship
08:20 AM - 09:30 AM: Theory: RollingUpdate strategy, maxSurge, maxUnavailable, rollout status, rollout history
09:30 AM - 09:45 AM: Physical reset
09:45 AM - 11:15 AM: KodeKloud Labs: Deployments & Rollout Updates
11:15 AM - 11:30 AM: Micro-break
11:30 AM - 12:00 PM: Exploratory: Rollout undo to a specific previous revision (--to-revision)",,False
"[RECOVERY] 12pm-3pm: Cognitive Reset & Physical Regeneration",10/06/2026,12:00 PM,10/06/2026,03:00 PM,False,"COGNITIVE RECOVERY & INTEGRATION (12:00 PM - 3:00 PM)
12:00 PM - 01:00 PM: Nutritious lunch & total screen detachment
01:00 PM - 02:00 PM: Aerobic exercise / brisk walk outside (BDNF boost)
02:00 PM - 02:45 PM: Power nap or Non-Sleep Deep Rest (NSDR)
02:45 PM - 03:00 PM: Terminal & desk prep for LFCS",,False
"[LFCS] 3pm-6pm: Text Processing: Grep & Regular Expressions",10/06/2026,03:00 PM,10/06/2026,06:00 PM,False,"LFCS STUDY BLOCK (3:00 PM - 6:00 PM)
Topic: Text Processing: Grep & Regular Expressions

Schedule:
03:00 PM - 03:20 PM: Regex anchors drill (^, $, .)
03:20 PM - 04:20 PM: Theory: grep flags (-i, -v, -r, -n, -E), Basic Regular Expressions (BRE) vs Extended (ERE)
04:20 PM - 04:35 PM: Movement break
04:35 PM - 05:35 PM: KodeKloud Labs: Search File Using Grep & Regex
05:35 PM - 06:00 PM: Cheat sheet update: High-yield regex pattern catalog",,False
"[CKA] 8am-12pm: Services: ClusterIP, NodePort & LoadBalancer",10/07/2026,08:00 AM,10/07/2026,12:00 PM,False,"CKA STUDY BLOCK (8:00 AM - 12:00 PM)
Topic: Services: ClusterIP, NodePort & LoadBalancer

Schedule:
08:00 AM - 08:20 AM: Retrieval: Service targetPort vs port vs nodePort
08:20 AM - 09:30 AM: Theory: kube-proxy IPTables/IPVS modes, Endpoints, headless services, service discovery
09:30 AM - 09:45 AM: Hydration & stretch
09:45 AM - 11:15 AM: KodeKloud Labs: Services (ClusterIP & NodePort)
11:15 AM - 11:30 AM: Eye rest
11:30 AM - 12:00 PM: Exploratory: Inspecting cluster iptables rules generated for a Service",,False
"[RECOVERY] 12pm-3pm: Cognitive Reset & Physical Regeneration",10/07/2026,12:00 PM,10/07/2026,03:00 PM,False,"COGNITIVE RECOVERY & INTEGRATION (12:00 PM - 3:00 PM)
12:00 PM - 01:00 PM: Nutritious lunch & total screen detachment
01:00 PM - 02:00 PM: Aerobic exercise / brisk walk outside (BDNF boost)
02:00 PM - 02:45 PM: Power nap or Non-Sleep Deep Rest (NSDR)
02:45 PM - 03:00 PM: Terminal & desk prep for LFCS",,False
"[LFCS] 3pm-6pm: Advanced Stream Analysis: Sed & Awk Fundamentals",10/07/2026,03:00 PM,10/07/2026,06:00 PM,False,"LFCS STUDY BLOCK (3:00 PM - 6:00 PM)
Topic: Advanced Stream Analysis: Sed & Awk Fundamentals

Schedule:
03:00 PM - 03:20 PM: Piping warm-up (cat, cut, sort, uniq -c)
03:20 PM - 04:20 PM: Theory: sed line replacement (sed 's/foo/bar/g'), awk column extraction (awk '{print $1, $3}')
04:20 PM - 04:35 PM: Walk & reset
04:35 PM - 05:35 PM: Practical Terminal Drills: Parse /etc/passwd and /etc/group using awk and sed
05:35 PM - 06:00 PM: Synthesis: Formatting system metrics with awk",,False
"[CKA] 8am-12pm: Namespaces & DNS Resolution Inside Clusters",10/08/2026,08:00 AM,10/08/2026,12:00 PM,False,"CKA STUDY BLOCK (8:00 AM - 12:00 PM)
Topic: Namespaces & DNS Resolution Inside Clusters

Schedule:
08:00 AM - 08:20 AM: Retrieval: FQDN structure (svc.cluster.local)
08:20 AM - 09:30 AM: Theory: Namespace isolation, CoreDNS resolution, cross-namespace service communication
09:30 AM - 09:45 AM: Physical movement
09:45 AM - 11:15 AM: KodeKloud Labs: Namespaces & CoreDNS Exploration
11:15 AM - 11:30 AM: Micro-break
11:30 AM - 12:00 PM: Exploratory: Launch temporary busybox pod for nslookup and curl tests",,False
"[RECOVERY] 12pm-3pm: Cognitive Reset & Physical Regeneration",10/08/2026,12:00 PM,10/08/2026,03:00 PM,False,"COGNITIVE RECOVERY & INTEGRATION (12:00 PM - 3:00 PM)
12:00 PM - 01:00 PM: Nutritious lunch & total screen detachment
01:00 PM - 02:00 PM: Aerobic exercise / brisk walk outside (BDNF boost)
02:00 PM - 02:45 PM: Power nap or Non-Sleep Deep Rest (NSDR)
02:45 PM - 03:00 PM: Terminal & desk prep for LFCS",,False
"[LFCS] 3pm-6pm: I/O Redirection & Stream Multiplexing",10/08/2026,03:00 PM,10/08/2026,06:00 PM,False,"LFCS STUDY BLOCK (3:00 PM - 6:00 PM)
Topic: I/O Redirection & Stream Multiplexing

Schedule:
03:00 PM - 03:20 PM: Redirection warm-up (stdout, stderr, &>)
03:20 PM - 04:20 PM: Theory: File descriptors (0, 1, 2), redirecting stderr (2>), appending (>>), pipelines (|), tee
04:20 PM - 04:35 PM: Posture break
04:35 PM - 05:35 PM: KodeKloud Labs: Use Input-Output Redirection
05:35 PM - 06:00 PM: Terminal drill: Redirecting output and errors to separate log files",,False
"[CKA] 8am-12pm: Kubectl Explain & Declarative Workflow",10/09/2026,08:00 AM,10/09/2026,12:00 PM,False,"CKA STUDY BLOCK (8:00 AM - 12:00 PM)
Topic: Kubectl Explain & Declarative Workflow

Schedule:
08:00 AM - 08:20 AM: Retrieval: Fast navigation using kubectl explain --recursive
08:20 AM - 09:30 AM: Theory: kubectl apply algorithm, last-applied-configuration annotation, manifest management
09:30 AM - 09:45 AM: Physical reset
09:45 AM - 11:15 AM: KodeKloud Labs: Kubectl Apply Command & Imperative vs Declarative
11:15 AM - 11:30 AM: Eye rest
11:30 AM - 12:00 PM: Synthesis: Constructing a complete 3-tier app manifest declaratively",,False
"[RECOVERY] 12pm-3pm: Cognitive Reset & Physical Regeneration",10/09/2026,12:00 PM,10/09/2026,03:00 PM,False,"COGNITIVE RECOVERY & INTEGRATION (12:00 PM - 3:00 PM)
12:00 PM - 01:00 PM: Nutritious lunch & total screen detachment
01:00 PM - 02:00 PM: Aerobic exercise / brisk walk outside (BDNF boost)
02:00 PM - 02:45 PM: Power nap or Non-Sleep Deep Rest (NSDR)
02:45 PM - 03:00 PM: Terminal & desk prep for LFCS",,False
"[LFCS] 3pm-6pm: Archiving, Compression & Remote Backups",10/09/2026,03:00 PM,10/09/2026,06:00 PM,False,"LFCS STUDY BLOCK (3:00 PM - 6:00 PM)
Topic: Archiving, Compression & Remote Backups

Schedule:
03:00 PM - 03:20 PM: Tar flags drill (-czvf, -xzvf, -cjvf, -xpvf)
03:20 PM - 04:20 PM: Theory: tar, gzip, bzip2, xz compression ratios, preserving permissions (-p), rsync basics
04:20 PM - 04:35 PM: Movement break
04:35 PM - 05:35 PM: KodeKloud Labs: Archive, Back Up, Compress, Unpack
05:35 PM - 06:00 PM: Synthesis: Automated incremental tar backup script",,False
"[CKA] 8am-12pm: Week 2 Speed Drills & Controller Triathlon",10/10/2026,08:00 AM,10/10/2026,12:00 PM,False,"CKA STUDY BLOCK (8:00 AM - 12:00 PM)
Topic: Week 2 Speed Drills & Controller Triathlon

Schedule:
08:00 AM - 09:30 AM: Speed drill: Build Pod + Deployment + Service in under 7 minutes
09:30 AM - 09:45 AM: Physical reset
09:45 AM - 11:00 AM: Rolling update failure scenario & rollback under pressure
11:00 AM - 12:00 PM: Milestone 2 Assessment: Multi-tier deployment with namespace routing",,False
"[RECOVERY] 12pm-3pm: Cognitive Reset & Physical Regeneration",10/10/2026,12:00 PM,10/10/2026,03:00 PM,False,"COGNITIVE RECOVERY & INTEGRATION (12:00 PM - 3:00 PM)
12:00 PM - 01:00 PM: Nutritious lunch & total screen detachment
01:00 PM - 02:00 PM: Aerobic exercise / brisk walk outside (BDNF boost)
02:00 PM - 02:45 PM: Power nap or Non-Sleep Deep Rest (NSDR)
02:45 PM - 03:00 PM: Terminal & desk prep for LFCS",,False
"[LFCS] 3pm-6pm: Week 2 Speed Drills & Git Version Control",10/10/2026,03:00 PM,10/10/2026,06:00 PM,False,"LFCS STUDY BLOCK (3:00 PM - 6:00 PM)
Topic: Week 2 Speed Drills & Git Version Control

Schedule:
03:00 PM - 04:15 PM: Git operations: init, stage, commit, branch, merge, diff, remote tracking
04:15 PM - 04:30 PM: Stretch break
04:30 PM - 05:30 PM: Fast text stream filtering marathon (parse 10,000 log lines with grep/sed/awk)
05:30 PM - 06:00 PM: Milestone 2 Assessment: Text processing & archive verification",,False
"[CKA] 8am-12pm: Manual Scheduling, Labels & Selectors",10/12/2026,08:00 AM,10/12/2026,12:00 PM,False,"CKA STUDY BLOCK (8:00 AM - 12:00 PM)
Topic: Manual Scheduling, Labels & Selectors

Schedule:
08:00 AM - 08:20 AM: Retrieval: nodeName attribute in Pod spec
08:20 AM - 09:30 AM: Theory: Scheduler bypass via nodeName, label management, matchExpressions vs matchLabels
09:30 AM - 09:45 AM: Movement break
09:45 AM - 11:15 AM: KodeKloud Labs: Manual Scheduling, Labels and Selectors
11:15 AM - 11:30 AM: Eye rest
11:30 AM - 12:00 PM: Exploratory: Manually binding an unscheduled pod via binding API",,False
"[RECOVERY] 12pm-3pm: Cognitive Reset & Physical Regeneration",10/12/2026,12:00 PM,10/12/2026,03:00 PM,False,"COGNITIVE RECOVERY & INTEGRATION (12:00 PM - 3:00 PM)
12:00 PM - 01:00 PM: Nutritious lunch & total screen detachment
01:00 PM - 02:00 PM: Aerobic exercise / brisk walk outside (BDNF boost)
02:00 PM - 02:45 PM: Power nap or Non-Sleep Deep Rest (NSDR)
02:45 PM - 03:00 PM: Terminal & desk prep for LFCS",,False
"[LFCS] 3pm-6pm: Linux Boot Architecture & GRUB2",10/12/2026,03:00 PM,10/12/2026,06:00 PM,False,"LFCS STUDY BLOCK (3:00 PM - 6:00 PM)
Topic: Linux Boot Architecture & GRUB2

Schedule:
03:00 PM - 03:20 PM: Boot sequence recall (BIOS/UEFI -> MBR/GPT -> GRUB2 -> Kernel -> Init)
03:20 PM - 04:20 PM: Theory: GRUB2 configuration (/etc/default/grub, grub2-mkconfig), kernel parameters at boot
04:20 PM - 04:35 PM: Walk & reset
04:35 PM - 05:35 PM: KodeKloud Labs: Boot, Reboot, and Shutdown a System Safely
05:35 PM - 06:00 PM: Synthesis: Interrupting boot to access emergency/rescue target",,False
"[CKA] 8am-12pm: Taints, Tolerations & Node Affinity",10/13/2026,08:00 AM,10/13/2026,12:00 PM,False,"CKA STUDY BLOCK (8:00 AM - 12:00 PM)
Topic: Taints, Tolerations & Node Affinity

Schedule:
08:00 AM - 08:20 AM: Retrieval: Taints repel pods, Affinity attracts pods
08:20 AM - 09:30 AM: Theory: Taint effects (NoSchedule, PreferNoSchedule, NoExecute), nodeAffinity (required vs preferred)
09:30 AM - 09:45 AM: Physical reset
09:45 AM - 11:15 AM: KodeKloud Labs: Taints & Tolerations, Node Affinity
11:15 AM - 11:30 AM: Micro-break
11:30 AM - 12:00 PM: Exploratory: Evicting running pods using NoExecute taints",,False
"[RECOVERY] 12pm-3pm: Cognitive Reset & Physical Regeneration",10/13/2026,12:00 PM,10/13/2026,03:00 PM,False,"COGNITIVE RECOVERY & INTEGRATION (12:00 PM - 3:00 PM)
12:00 PM - 01:00 PM: Nutritious lunch & total screen detachment
01:00 PM - 02:00 PM: Aerobic exercise / brisk walk outside (BDNF boost)
02:00 PM - 02:45 PM: Power nap or Non-Sleep Deep Rest (NSDR)
02:45 PM - 03:00 PM: Terminal & desk prep for LFCS",,False
"[LFCS] 3pm-6pm: Systemd Targets & Runlevel Management",10/13/2026,03:00 PM,10/13/2026,06:00 PM,False,"LFCS STUDY BLOCK (3:00 PM - 6:00 PM)
Topic: Systemd Targets & Runlevel Management

Schedule:
03:00 PM - 03:20 PM: Runlevel to systemd target mapping drills (3=multi-user, 5=graphical)
03:20 PM - 04:20 PM: Theory: systemctl get-default, set-default, isolate, emergency.target vs rescue.target
04:20 PM - 04:35 PM: Movement break
04:35 PM - 05:35 PM: KodeKloud Labs: Boot or Change System Into Different Operating Modes
05:35 PM - 06:00 PM: Summary notes & recovery workflows",,False
"[CKA] 8am-12pm: Resource Requirements, Limits & LimitRanges",10/14/2026,08:00 AM,10/14/2026,12:00 PM,False,"CKA STUDY BLOCK (8:00 AM - 12:00 PM)
Topic: Resource Requirements, Limits & LimitRanges

Schedule:
08:00 AM - 08:20 AM: Retrieval: CPU millis (1000m = 1 core) and Memory mebibytes (Mi vs MB)
08:20 AM - 09:30 AM: Theory: Requests vs limits, OOMKilled status (Exit code 137), CPU throttling, LimitRanges
09:30 AM - 09:45 AM: Hydration break
09:45 AM - 11:15 AM: KodeKloud Labs: Resource Requirements & Limits
11:15 AM - 11:30 AM: Eye rest
11:30 AM - 12:00 PM: Exploratory: Simulating memory leak pod to witness OOMKilled",,False
"[RECOVERY] 12pm-3pm: Cognitive Reset & Physical Regeneration",10/14/2026,12:00 PM,10/14/2026,03:00 PM,False,"COGNITIVE RECOVERY & INTEGRATION (12:00 PM - 3:00 PM)
12:00 PM - 01:00 PM: Nutritious lunch & total screen detachment
01:00 PM - 02:00 PM: Aerobic exercise / brisk walk outside (BDNF boost)
02:00 PM - 02:45 PM: Power nap or Non-Sleep Deep Rest (NSDR)
02:45 PM - 03:00 PM: Terminal & desk prep for LFCS",,False
"[LFCS] 3pm-6pm: Creating & Managing Systemd Services",10/14/2026,03:00 PM,10/14/2026,06:00 PM,False,"LFCS STUDY BLOCK (3:00 PM - 6:00 PM)
Topic: Creating & Managing Systemd Services

Schedule:
03:00 PM - 03:20 PM: systemctl status/start/stop/restart/reload warm-up
03:20 PM - 04:20 PM: Theory: Unit file layout (/etc/systemd/system/), [Unit], [Service] (ExecStart, Restart), [Install]
04:20 PM - 04:35 PM: Walk & posture check
04:35 PM - 05:35 PM: KodeKloud Labs: Create systemd Services
05:35 PM - 06:00 PM: Synthesis: Write a custom Python/Bash background service from scratch",,False
"[CKA] 8am-12pm: DaemonSets & Static Pods Architecture",10/15/2026,08:00 AM,10/15/2026,12:00 PM,False,"CKA STUDY BLOCK (8:00 AM - 12:00 PM)
Topic: DaemonSets & Static Pods Architecture

Schedule:
08:00 AM - 08:20 AM: Retrieval: Where are control plane static pod manifests stored?
08:20 AM - 09:30 AM: Theory: DaemonSets scheduling, static pods managed directly by kubelet, /etc/kubernetes/manifests
09:30 AM - 09:45 AM: Physical reset
09:45 AM - 11:15 AM: KodeKloud Labs: DaemonSets & Static Pods
11:15 AM - 11:30 AM: Micro-break
11:30 AM - 12:00 PM: Exploratory: Deploying custom static pod on worker node and verifying node name suffix",,False
"[RECOVERY] 12pm-3pm: Cognitive Reset & Physical Regeneration",10/15/2026,12:00 PM,10/15/2026,03:00 PM,False,"COGNITIVE RECOVERY & INTEGRATION (12:00 PM - 3:00 PM)
12:00 PM - 01:00 PM: Nutritious lunch & total screen detachment
01:00 PM - 02:00 PM: Aerobic exercise / brisk walk outside (BDNF boost)
02:00 PM - 02:45 PM: Power nap or Non-Sleep Deep Rest (NSDR)
02:45 PM - 03:00 PM: Terminal & desk prep for LFCS",,False
"[LFCS] 3pm-6pm: Process Diagnostics & Signal Management",10/15/2026,03:00 PM,10/15/2026,06:00 PM,False,"LFCS STUDY BLOCK (3:00 PM - 6:00 PM)
Topic: Process Diagnostics & Signal Management

Schedule:
03:00 PM - 03:20 PM: ps aux / pgrep warm-up
03:20 PM - 04:20 PM: Theory: Process states (R, S, D, Z), signals (SIGTERM 15, SIGKILL 9, SIGHUP 1), nice & renice
04:20 PM - 04:35 PM: Movement break
04:35 PM - 05:35 PM: KodeKloud Labs: Diagnose and Manage Processes
05:35 PM - 06:00 PM: Synthesis: Killing runaway processes and identifying zombie processes",,False
"[CKA] 8am-12pm: Priority Classes & Multiple Schedulers",10/16/2026,08:00 AM,10/16/2026,12:00 PM,False,"CKA STUDY BLOCK (8:00 AM - 12:00 PM)
Topic: Priority Classes & Multiple Schedulers

Schedule:
08:00 AM - 08:20 AM: Retrieval: PriorityClass value ranges and preemption policy
08:20 AM - 09:30 AM: Theory: PriorityClass, Pod preemption, deploying a secondary custom kube-scheduler
09:30 AM - 09:45 AM: Movement & hydration
09:45 AM - 11:15 AM: KodeKloud Labs: Priority Classes & Multiple Schedulers
11:15 AM - 11:30 AM: Eye rest
11:30 AM - 12:00 PM: Exploratory: Assigning pods to custom scheduler via schedulerName",,False
"[RECOVERY] 12pm-3pm: Cognitive Reset & Physical Regeneration",10/16/2026,12:00 PM,10/16/2026,03:00 PM,False,"COGNITIVE RECOVERY & INTEGRATION (12:00 PM - 3:00 PM)
12:00 PM - 01:00 PM: Nutritious lunch & total screen detachment
01:00 PM - 02:00 PM: Aerobic exercise / brisk walk outside (BDNF boost)
02:00 PM - 02:45 PM: Power nap or Non-Sleep Deep Rest (NSDR)
02:45 PM - 03:00 PM: Terminal & desk prep for LFCS",,False
"[LFCS] 3pm-6pm: System Integrity, Resource Monitoring & Top",10/16/2026,03:00 PM,10/16/2026,06:00 PM,False,"LFCS STUDY BLOCK (3:00 PM - 6:00 PM)
Topic: System Integrity, Resource Monitoring & Top

Schedule:
03:00 PM - 03:20 PM: top / htop interactive shortcut drills (P, M, k, r)
03:20 PM - 04:20 PM: Theory: System load averages (1, 5, 15 min), uptime, free -m, vmstat, iostat, lsof
04:20 PM - 04:35 PM: Physical walk
04:35 PM - 05:35 PM: KodeKloud Labs: Verify Integrity and Availability of Resources and Processes
05:35 PM - 06:00 PM: Error Ledger analysis",,False
"[CKA] 8am-12pm: Week 3 Scheduling Troubleshooting Matrix",10/17/2026,08:00 AM,10/17/2026,12:00 PM,False,"CKA STUDY BLOCK (8:00 AM - 12:00 PM)
Topic: Week 3 Scheduling Troubleshooting Matrix

Schedule:
08:00 AM - 09:30 AM: Debugging 10 pods stuck in Pending state (Taints, Affinities, Resources, NodeSelector)
09:30 AM - 09:45 AM: Physical reset
09:45 AM - 11:00 AM: Static pod troubleshooting (broken manifest path in kubelet config)
11:00 AM - 12:00 PM: Milestone 3 Assessment: Advanced scheduling orchestration",,False
"[RECOVERY] 12pm-3pm: Cognitive Reset & Physical Regeneration",10/17/2026,12:00 PM,10/17/2026,03:00 PM,False,"COGNITIVE RECOVERY & INTEGRATION (12:00 PM - 3:00 PM)
12:00 PM - 01:00 PM: Nutritious lunch & total screen detachment
01:00 PM - 02:00 PM: Aerobic exercise / brisk walk outside (BDNF boost)
02:00 PM - 02:45 PM: Power nap or Non-Sleep Deep Rest (NSDR)
02:45 PM - 03:00 PM: Terminal & desk prep for LFCS",,False
"[LFCS] 3pm-6pm: Week 3 Systemd & Process Orchestration",10/17/2026,03:00 PM,10/17/2026,06:00 PM,False,"LFCS STUDY BLOCK (3:00 PM - 6:00 PM)
Topic: Week 3 Systemd & Process Orchestration

Schedule:
03:00 PM - 04:15 PM: Build custom systemd service with automated restart on failure and log output
04:15 PM - 04:30 PM: Stretch break
04:30 PM - 05:30 PM: Process troubleshooting under memory/CPU stress (stress/stress-ng drills)
05:30 PM - 06:00 PM: Milestone 3 Assessment: Service & process resilience",,False
"[CKA] 8am-12pm: Commands & Arguments (Docker vs Kubernetes)",10/19/2026,08:00 AM,10/19/2026,12:00 PM,False,"CKA STUDY BLOCK (8:00 AM - 12:00 PM)
Topic: Commands & Arguments (Docker vs Kubernetes)

Schedule:
08:00 AM - 08:20 AM: Retrieval: ENTRYPOINT = command, CMD = args mapping
08:20 AM - 09:30 AM: Theory: Overriding container entrypoint/cmd, passing environment variables
09:30 AM - 09:45 AM: Movement & posture reset
09:45 AM - 11:15 AM: KodeKloud Labs: Commands and Arguments in Kubernetes
11:15 AM - 11:30 AM: Eye rest
11:30 AM - 12:00 PM: Exploratory: Sleeping pods for debugging using command override",,False
"[RECOVERY] 12pm-3pm: Cognitive Reset & Physical Regeneration",10/19/2026,12:00 PM,10/19/2026,03:00 PM,False,"COGNITIVE RECOVERY & INTEGRATION (12:00 PM - 3:00 PM)
12:00 PM - 01:00 PM: Nutritious lunch & total screen detachment
01:00 PM - 02:00 PM: Aerobic exercise / brisk walk outside (BDNF boost)
02:00 PM - 02:45 PM: Power nap or Non-Sleep Deep Rest (NSDR)
02:45 PM - 03:00 PM: Terminal & desk prep for LFCS",,False
"[LFCS] 3pm-6pm: Journald & System Log File Analysis",10/19/2026,03:00 PM,10/19/2026,06:00 PM,False,"LFCS STUDY BLOCK (3:00 PM - 6:00 PM)
Topic: Journald & System Log File Analysis

Schedule:
03:00 PM - 03:20 PM: journalctl flag speedrun (-u, -f, -p err, --since)
03:20 PM - 04:20 PM: Theory: Systemd journal storage (volatile vs persistent /var/log/journal), rsyslog, /var/log/auth.log
04:20 PM - 04:35 PM: Walk & reset
04:35 PM - 05:35 PM: KodeKloud Labs: Locate and Analyze System Log Files
05:35 PM - 06:00 PM: Synthesis: Log auditing with journalctl and logrotate review",,False
"[CKA] 8am-12pm: ConfigMaps & Application Configuration",10/20/2026,08:00 AM,10/20/2026,12:00 PM,False,"CKA STUDY BLOCK (8:00 AM - 12:00 PM)
Topic: ConfigMaps & Application Configuration

Schedule:
08:00 AM - 08:20 AM: Retrieval: Creating ConfigMap from literal vs from file
08:20 AM - 09:30 AM: Theory: ConfigMaps as environment variables (env, envFrom) and as mounted volume files
09:30 AM - 09:45 AM: Physical reset
09:45 AM - 11:15 AM: KodeKloud Labs: Configuring ConfigMaps in Applications
11:15 AM - 11:30 AM: Micro-break
11:30 AM - 12:00 PM: Exploratory: Hot-reloading application configuration from volume mounts",,False
"[RECOVERY] 12pm-3pm: Cognitive Reset & Physical Regeneration",10/20/2026,12:00 PM,10/20/2026,03:00 PM,False,"COGNITIVE RECOVERY & INTEGRATION (12:00 PM - 3:00 PM)
12:00 PM - 01:00 PM: Nutritious lunch & total screen detachment
01:00 PM - 02:00 PM: Aerobic exercise / brisk walk outside (BDNF boost)
02:00 PM - 02:45 PM: Power nap or Non-Sleep Deep Rest (NSDR)
02:45 PM - 03:00 PM: Terminal & desk prep for LFCS",,False
"[LFCS] 3pm-6pm: Task Scheduling with Cron and At",10/20/2026,03:00 PM,10/20/2026,06:00 PM,False,"LFCS STUDY BLOCK (3:00 PM - 6:00 PM)
Topic: Task Scheduling with Cron and At

Schedule:
03:00 PM - 03:20 PM: Cron 5-field syntax drill (minute, hour, day, month, weekday)
03:20 PM - 04:20 PM: Theory: crontab -e, crontab -l, /etc/crontab, /etc/cron.*, at, atq, atrm, batch
04:20 PM - 04:35 PM: Movement break
04:35 PM - 05:35 PM: KodeKloud Labs: Schedule Tasks to Run at a Set Date and Time
05:35 PM - 06:00 PM: Synthesis: Setting up automated disk monitoring cron job",,False
"[CKA] 8am-12pm: Secrets Management & Encryption at Rest",10/21/2026,08:00 AM,10/21/2026,12:00 PM,False,"CKA STUDY BLOCK (8:00 AM - 12:00 PM)
Topic: Secrets Management & Encryption at Rest

Schedule:
08:00 AM - 08:20 AM: Retrieval: Base64 encoding vs encryption (echo -n ... | base64)
08:20 AM - 09:30 AM: Theory: Generic, docker-registry, tls secrets; configuring EncryptionConfiguration on kube-apiserver
09:30 AM - 09:45 AM: Hydration break
09:45 AM - 11:15 AM: KodeKloud Labs: Secrets & Encrypting Secret Data at Rest
11:15 AM - 11:30 AM: Eye rest
11:30 AM - 12:00 PM: Exploratory: Verifying encrypted data directly inside etcd database",,False
"[RECOVERY] 12pm-3pm: Cognitive Reset & Physical Regeneration",10/21/2026,12:00 PM,10/21/2026,03:00 PM,False,"COGNITIVE RECOVERY & INTEGRATION (12:00 PM - 3:00 PM)
12:00 PM - 01:00 PM: Nutritious lunch & total screen detachment
01:00 PM - 02:00 PM: Aerobic exercise / brisk walk outside (BDNF boost)
02:00 PM - 02:45 PM: Power nap or Non-Sleep Deep Rest (NSDR)
02:45 PM - 03:00 PM: Terminal & desk prep for LFCS",,False
"[LFCS] 3pm-6pm: Package Managers (APT, DNF/YUM & RPM)",10/21/2026,03:00 PM,10/21/2026,06:00 PM,False,"LFCS STUDY BLOCK (3:00 PM - 6:00 PM)
Topic: Package Managers (APT, DNF/YUM & RPM)

Schedule:
03:00 PM - 03:20 PM: Package manager command comparison drills
03:20 PM - 04:20 PM: Theory: apt update/install/purge, dpkg -i/-l, dnf/yum install/remove, rpm -ivh/-qa, repo configs
04:20 PM - 04:35 PM: Walk & reset
04:35 PM - 05:35 PM: KodeKloud Labs: Manage Software with Package Manager & Repositories
05:35 PM - 06:00 PM: Synthesis: Adding third-party repository and verifying GPG keys",,False
"[CKA] 8am-12pm: Autoscaling: HPA, VPA & In-Place Pod Resize",10/22/2026,08:00 AM,10/22/2026,12:00 PM,False,"CKA STUDY BLOCK (8:00 AM - 12:00 PM)
Topic: Autoscaling: HPA, VPA & In-Place Pod Resize

Schedule:
08:00 AM - 08:20 AM: Retrieval: Metrics-server installation verification (kubectl top)
08:20 AM - 09:30 AM: Theory: Horizontal Pod Autoscaler (HPA v2), Vertical Pod Autoscaler (VPA), In-place resize (2025)
09:30 AM - 09:45 AM: Physical movement
09:45 AM - 11:15 AM: KodeKloud Labs: HPA, VPA & Modifying CPU Resources in VPA
11:15 AM - 11:30 AM: Micro-break
11:30 AM - 12:00 PM: Exploratory: Generating CPU load to trigger HPA pod scaling",,False
"[RECOVERY] 12pm-3pm: Cognitive Reset & Physical Regeneration",10/22/2026,12:00 PM,10/22/2026,03:00 PM,False,"COGNITIVE RECOVERY & INTEGRATION (12:00 PM - 3:00 PM)
12:00 PM - 01:00 PM: Nutritious lunch & total screen detachment
01:00 PM - 02:00 PM: Aerobic exercise / brisk walk outside (BDNF boost)
02:00 PM - 02:45 PM: Power nap or Non-Sleep Deep Rest (NSDR)
02:45 PM - 03:00 PM: Terminal & desk prep for LFCS",,False
"[LFCS] 3pm-6pm: Compiling Software from Source Code",10/22/2026,03:00 PM,10/22/2026,06:00 PM,False,"LFCS STUDY BLOCK (3:00 PM - 6:00 PM)
Topic: Compiling Software from Source Code

Schedule:
03:00 PM - 03:20 PM: Tar extraction & build tools warm-up (gcc, make)
03:20 PM - 04:20 PM: Theory: ./configure flags (--prefix), make compilation, make install, managing shared libraries (ldconfig)
04:20 PM - 04:35 PM: Posture break
04:35 PM - 05:35 PM: KodeKloud Labs: Install Software by Compiling Source Code
05:35 PM - 06:00 PM: Synthesis: Custom compile and install of a utility tool",,False
"[CKA] 8am-12pm: Admission Controllers & Validating Webhooks",10/23/2026,08:00 AM,10/23/2026,12:00 PM,False,"CKA STUDY BLOCK (8:00 AM - 12:00 PM)
Topic: Admission Controllers & Validating Webhooks

Schedule:
08:00 AM - 08:20 AM: Retrieval: Kubernetes API request pipeline (Authn -> Authz -> Admission)
08:20 AM - 09:30 AM: Theory: Built-in controllers (NamespaceLifecycle, LimitRanger), Mutating vs Validating webhooks
09:30 AM - 09:45 AM: Physical reset
09:45 AM - 11:15 AM: KodeKloud Labs: Admission Controllers & Validating/Mutating Webhooks
11:15 AM - 11:30 AM: Eye rest
11:30 AM - 12:00 PM: Exploratory: Enabling and disabling admission plugins in kube-apiserver manifest",,False
"[RECOVERY] 12pm-3pm: Cognitive Reset & Physical Regeneration",10/23/2026,12:00 PM,10/23/2026,03:00 PM,False,"COGNITIVE RECOVERY & INTEGRATION (12:00 PM - 3:00 PM)
12:00 PM - 01:00 PM: Nutritious lunch & total screen detachment
01:00 PM - 02:00 PM: Aerobic exercise / brisk walk outside (BDNF boost)
02:00 PM - 02:45 PM: Power nap or Non-Sleep Deep Rest (NSDR)
02:45 PM - 03:00 PM: Terminal & desk prep for LFCS",,False
"[LFCS] 3pm-6pm: Bash Automation & Maintenance Scripting",10/23/2026,03:00 PM,10/23/2026,06:00 PM,False,"LFCS STUDY BLOCK (3:00 PM - 6:00 PM)
Topic: Bash Automation & Maintenance Scripting

Schedule:
03:00 PM - 03:20 PM: Bash syntax warm-up (variables, conditionals [ ], exit codes $?)
03:20 PM - 04:20 PM: Theory: Positional parameters ($1, $@), loops (for, while), functions, error handling (set -e)
04:20 PM - 04:35 PM: Movement break
04:35 PM - 05:35 PM: Practical Scripting Lab: Write an automated log rotation and cleanup maintenance script
05:35 PM - 06:00 PM: Script review and execution",,False
"[CKA] 8am-12pm: Week 4 App Lifecycle & Secret Security Drill",10/24/2026,08:00 AM,10/24/2026,12:00 PM,False,"CKA STUDY BLOCK (8:00 AM - 12:00 PM)
Topic: Week 4 App Lifecycle & Secret Security Drill

Schedule:
08:00 AM - 09:30 AM: Timed deployment with ConfigMap, Secret, encrypted at rest, and HPA autoscaling
09:30 AM - 09:45 AM: Physical reset
09:45 AM - 11:00 AM: Debugging Secret decoding and environment injection errors
11:00 AM - 12:00 PM: Milestone 4 Assessment: Application Lifecycle Mastery",,False
"[RECOVERY] 12pm-3pm: Cognitive Reset & Physical Regeneration",10/24/2026,12:00 PM,10/24/2026,03:00 PM,False,"COGNITIVE RECOVERY & INTEGRATION (12:00 PM - 3:00 PM)
12:00 PM - 01:00 PM: Nutritious lunch & total screen detachment
01:00 PM - 02:00 PM: Aerobic exercise / brisk walk outside (BDNF boost)
02:00 PM - 02:45 PM: Power nap or Non-Sleep Deep Rest (NSDR)
02:45 PM - 03:00 PM: Terminal & desk prep for LFCS",,False
"[LFCS] 3pm-6pm: Week 4 System Automation & Maintenance Triathlon",10/24/2026,03:00 PM,10/24/2026,06:00 PM,False,"LFCS STUDY BLOCK (3:00 PM - 6:00 PM)
Topic: Week 4 System Automation & Maintenance Triathlon

Schedule:
03:00 PM - 04:15 PM: Automate system backup and log cleanup using custom cron and bash script
04:15 PM - 04:30 PM: Stretch break
04:30 PM - 05:30 PM: Package troubleshooting and repository recovery drill
05:30 PM - 06:00 PM: Milestone 4 Assessment: Scripting and service automation",,False
"[CKA] 8am-12pm: Node Maintenance: Cordon, Drain & Uncordon",10/26/2026,08:00 AM,10/26/2026,12:00 PM,False,"CKA STUDY BLOCK (8:00 AM - 12:00 PM)
Topic: Node Maintenance: Cordon, Drain & Uncordon

Schedule:
08:00 AM - 08:20 AM: Retrieval: cordon vs drain vs drain --ignore-daemonsets
08:20 AM - 09:30 AM: Theory: Safe workload eviction, PodDisruptionBudgets (PDB), node scheduling states
09:30 AM - 09:45 AM: Movement & posture reset
09:45 AM - 11:15 AM: KodeKloud Labs: OS Upgrades & Maintenance
11:15 AM - 11:30 AM: Eye rest
11:30 AM - 12:00 PM: Exploratory: Evicting pods respecting PDB minAvailable / maxUnavailable",,False
"[RECOVERY] 12pm-3pm: Cognitive Reset & Physical Regeneration",10/26/2026,12:00 PM,10/26/2026,03:00 PM,False,"COGNITIVE RECOVERY & INTEGRATION (12:00 PM - 3:00 PM)
12:00 PM - 01:00 PM: Nutritious lunch & total screen detachment
01:00 PM - 02:00 PM: Aerobic exercise / brisk walk outside (BDNF boost)
02:00 PM - 02:45 PM: Power nap or Non-Sleep Deep Rest (NSDR)
02:45 PM - 03:00 PM: Terminal & desk prep for LFCS",,False
"[LFCS] 3pm-6pm: Local User Management & /etc/passwd",10/26/2026,03:00 PM,10/26/2026,06:00 PM,False,"LFCS STUDY BLOCK (3:00 PM - 6:00 PM)
Topic: Local User Management & /etc/passwd

Schedule:
03:00 PM - 03:20 PM: useradd / usermod flag drills (-u, -g, -G, -d, -s)
03:20 PM - 04:20 PM: Theory: User IDs, system users vs regular users, /etc/passwd fields, /etc/shadow fields, userdel
04:20 PM - 04:35 PM: Walk & reset
04:35 PM - 05:35 PM: KodeKloud Labs: Create, Delete, and Modify Local User Accounts
05:35 PM - 06:00 PM: Synthesis: User account expiration and password policy enforcement (chage)",,False
"[CKA] 8am-12pm: Cluster Upgrade: Kubeadm Control Plane",10/27/2026,08:00 AM,10/27/2026,12:00 PM,False,"CKA STUDY BLOCK (8:00 AM - 12:00 PM)
Topic: Cluster Upgrade: Kubeadm Control Plane

Schedule:
08:00 AM - 08:20 AM: Retrieval: Kubernetes version skew policy rules
08:20 AM - 09:30 AM: Theory: kubeadm upgrade plan, upgrading kubeadm, kubelet, kubectl on primary master
09:30 AM - 09:45 AM: Physical reset
09:45 AM - 11:15 AM: KodeKloud Labs: Cluster Upgrade Process - Control Plane
11:15 AM - 11:30 AM: Micro-break
11:30 AM - 12:00 PM: Exploratory: Verifying control plane component versions after upgrade",,False
"[RECOVERY] 12pm-3pm: Cognitive Reset & Physical Regeneration",10/27/2026,12:00 PM,10/27/2026,03:00 PM,False,"COGNITIVE RECOVERY & INTEGRATION (12:00 PM - 3:00 PM)
12:00 PM - 01:00 PM: Nutritious lunch & total screen detachment
01:00 PM - 02:00 PM: Aerobic exercise / brisk walk outside (BDNF boost)
02:00 PM - 02:45 PM: Power nap or Non-Sleep Deep Rest (NSDR)
02:45 PM - 03:00 PM: Terminal & desk prep for LFCS",,False
"[LFCS] 3pm-6pm: Groups, Sudo Privileges & Visudo",10/27/2026,03:00 PM,10/27/2026,06:00 PM,False,"LFCS STUDY BLOCK (3:00 PM - 6:00 PM)
Topic: Groups, Sudo Privileges & Visudo

Schedule:
03:00 PM - 03:20 PM: groupadd / groupmod drills
03:20 PM - 04:20 PM: Theory: /etc/group, group passwords, /etc/sudoers format (User Host=(Runas) Commands), visudo safety
04:20 PM - 04:35 PM: Movement break
04:35 PM - 05:35 PM: KodeKloud Labs: Groups & Sudo Privileges
05:35 PM - 06:00 PM: Synthesis: Granting passwordless sudo to specific administrative commands",,False
"[CKA] 8am-12pm: Cluster Upgrade: Worker Nodes",10/28/2026,08:00 AM,10/28/2026,12:00 PM,False,"CKA STUDY BLOCK (8:00 AM - 12:00 PM)
Topic: Cluster Upgrade: Worker Nodes

Schedule:
08:00 AM - 08:20 AM: Retrieval: Steps on worker node: drain -> upgrade kubeadm -> upgrade kubelet -> uncordon
08:20 AM - 09:30 AM: Theory: Safe worker node rollouts without downtime, daemonset pod handling
09:30 AM - 09:45 AM: Hydration break
09:45 AM - 11:15 AM: KodeKloud Labs: Cluster Upgrade Process - Worker Nodes
11:15 AM - 11:30 AM: Eye rest
11:30 AM - 12:00 PM: Speed Drill: Upgrading worker node in under 6 minutes",,False
"[RECOVERY] 12pm-3pm: Cognitive Reset & Physical Regeneration",10/28/2026,12:00 PM,10/28/2026,03:00 PM,False,"COGNITIVE RECOVERY & INTEGRATION (12:00 PM - 3:00 PM)
12:00 PM - 01:00 PM: Nutritious lunch & total screen detachment
01:00 PM - 02:00 PM: Aerobic exercise / brisk walk outside (BDNF boost)
02:00 PM - 02:45 PM: Power nap or Non-Sleep Deep Rest (NSDR)
02:45 PM - 03:00 PM: Terminal & desk prep for LFCS",,False
"[LFCS] 3pm-6pm: Profiles, Template Environments & User Limits",10/28/2026,03:00 PM,10/28/2026,06:00 PM,False,"LFCS STUDY BLOCK (3:00 PM - 6:00 PM)
Topic: Profiles, Template Environments & User Limits

Schedule:
03:00 PM - 03:20 PM: Login vs non-login shell startup file drills
03:20 PM - 04:20 PM: Theory: /etc/profile, /etc/bashrc, ~/.bash_profile, /etc/skel skeleton files, /etc/security/limits.conf
04:20 PM - 04:35 PM: Walk & reset
04:35 PM - 05:35 PM: KodeKloud Labs: Manage Profiles & User Resource Limits
05:35 PM - 06:00 PM: Synthesis: Restricting max user processes (nproc) and open files (nofile)",,False
"[CKA] 8am-12pm: ETCD Snapshot Backup & Disaster Recovery",10/29/2026,08:00 AM,10/29/2026,12:00 PM,False,"CKA STUDY BLOCK (8:00 AM - 12:00 PM)
Topic: ETCD Snapshot Backup & Disaster Recovery

Schedule:
08:00 AM - 08:20 AM: Retrieval: Mandatory ETCDCTL environment variables and flags
08:20 AM - 09:30 AM: Theory: ETCDCTL_API=3 snapshot save, snapshot restore, swapping data-dir in static pod manifest
09:30 AM - 09:45 AM: Physical movement
09:45 AM - 11:15 AM: KodeKloud Labs: Backup and Restore Methods (ETCD)
11:15 AM - 11:30 AM: Micro-break
11:30 AM - 12:00 PM: Speed Drill: Timed ETCD backup and complete cluster recovery from snapshot",,False
"[RECOVERY] 12pm-3pm: Cognitive Reset & Physical Regeneration",10/29/2026,12:00 PM,10/29/2026,03:00 PM,False,"COGNITIVE RECOVERY & INTEGRATION (12:00 PM - 3:00 PM)
12:00 PM - 01:00 PM: Nutritious lunch & total screen detachment
01:00 PM - 02:00 PM: Aerobic exercise / brisk walk outside (BDNF boost)
02:00 PM - 02:45 PM: Power nap or Non-Sleep Deep Rest (NSDR)
02:45 PM - 03:00 PM: Terminal & desk prep for LFCS",,False
"[LFCS] 3pm-6pm: Kernel Runtime Tuning with Sysctl",10/29/2026,03:00 PM,10/29/2026,06:00 PM,False,"LFCS STUDY BLOCK (3:00 PM - 6:00 PM)
Topic: Kernel Runtime Tuning with Sysctl

Schedule:
03:00 PM - 03:20 PM: sysctl inspection drills (sysctl -a | grep ip_forward)
03:20 PM - 04:20 PM: Theory: /proc/sys filesystem, ephemeral tuning (sysctl -w), persistent configuration (/etc/sysctl.conf)
04:20 PM - 04:35 PM: Posture break
04:35 PM - 05:35 PM: KodeKloud Labs: Change Kernel Runtime Parameters
05:35 PM - 06:00 PM: Synthesis: Enabling IP forwarding and adjusting virtual memory swappiness",,False
"[CKA] 8am-12pm: TLS Basics & PKI in Kubernetes",10/30/2026,08:00 AM,10/30/2026,12:00 PM,False,"CKA STUDY BLOCK (8:00 AM - 12:00 PM)
Topic: TLS Basics & PKI in Kubernetes

Schedule:
08:00 AM - 08:20 AM: Retrieval: Symmetric vs asymmetric encryption and certificate chains
08:20 AM - 09:30 AM: Theory: Kubernetes CA, server certs, client certs, inspecting certificate details with openssl
09:30 AM - 09:45 AM: Physical reset
09:45 AM - 11:15 AM: KodeKloud Labs: TLS Basics & View Certificate Details
11:15 AM - 11:30 AM: Eye rest
11:30 AM - 12:00 PM: Exploratory: Diagnosing expired certificate errors on kube-apiserver",,False
"[RECOVERY] 12pm-3pm: Cognitive Reset & Physical Regeneration",10/30/2026,12:00 PM,10/30/2026,03:00 PM,False,"COGNITIVE RECOVERY & INTEGRATION (12:00 PM - 3:00 PM)
12:00 PM - 01:00 PM: Nutritious lunch & total screen detachment
01:00 PM - 02:00 PM: Aerobic exercise / brisk walk outside (BDNF boost)
02:00 PM - 02:45 PM: Power nap or Non-Sleep Deep Rest (NSDR)
02:45 PM - 03:00 PM: Terminal & desk prep for LFCS",,False
"[LFCS] 3pm-6pm: Mandatory Access Control: SELinux & AppArmor",10/30/2026,03:00 PM,10/30/2026,06:00 PM,False,"LFCS STUDY BLOCK (3:00 PM - 6:00 PM)
Topic: Mandatory Access Control: SELinux & AppArmor

Schedule:
03:00 PM - 03:20 PM: SELinux mode check (getenforce, sestatus)
03:20 PM - 04:20 PM: Theory: DAC vs MAC, SELinux contexts (user:role:type:level), semanage, restorecon, chcon, /etc/selinux/config
04:20 PM - 04:35 PM: Movement break
04:35 PM - 05:35 PM: KodeKloud Labs: SELinux Contexts & Policy Enforcement
05:35 PM - 06:00 PM: Error Ledger review: SELinux denial analysis (ausearch, audit2why)",,False
"[CKA] 8am-12pm: Full Disaster Recovery & Upgrade Drill",10/31/2026,08:00 AM,10/31/2026,12:00 PM,False,"CKA STUDY BLOCK (8:00 AM - 12:00 PM)
Topic: Full Disaster Recovery & Upgrade Drill

Schedule:
08:00 AM - 09:30 AM: Disaster Simulation: Control plane crash + etcd snapshot restore under 15 minutes
09:30 AM - 09:45 AM: Physical reset
09:45 AM - 11:00 AM: Full multi-node kubeadm upgrade across 3 nodes
11:00 AM - 12:00 PM: Milestone 5 Assessment: Disaster recovery & cluster maintenance",,False
"[RECOVERY] 12pm-3pm: Cognitive Reset & Physical Regeneration",10/31/2026,12:00 PM,10/31/2026,03:00 PM,False,"COGNITIVE RECOVERY & INTEGRATION (12:00 PM - 3:00 PM)
12:00 PM - 01:00 PM: Nutritious lunch & total screen detachment
01:00 PM - 02:00 PM: Aerobic exercise / brisk walk outside (BDNF boost)
02:00 PM - 02:45 PM: Power nap or Non-Sleep Deep Rest (NSDR)
02:45 PM - 03:00 PM: Terminal & desk prep for LFCS",,False
"[LFCS] 3pm-6pm: Security Audit, User Quarantine & Recovery",10/31/2026,03:00 PM,10/31/2026,06:00 PM,False,"LFCS STUDY BLOCK (3:00 PM - 6:00 PM)
Topic: Security Audit, User Quarantine & Recovery

Schedule:
03:00 PM - 04:15 PM: Lock down compromised user accounts, audit root privileges, repair corrupted sudoers file
04:15 PM - 04:30 PM: Stretch break
04:30 PM - 05:30 PM: Troubleshoot and fix web server blocked by SELinux context
05:30 PM - 06:00 PM: Milestone 5 Assessment: Security & access audit verification",,False
"[CKA] 8am-12pm: Certificates API & KubeConfig Management",11/02/2026,08:00 AM,11/02/2026,12:00 PM,False,"CKA STUDY BLOCK (8:00 AM - 12:00 PM)
Topic: Certificates API & KubeConfig Management

Schedule:
08:00 AM - 08:20 AM: Retrieval: CertificateSigningRequest (CSR) manifest structure
08:20 AM - 09:30 AM: Theory: CSR approval workflow (kubectl certificate approve), Kubeconfig clusters, users, contexts
09:30 AM - 09:45 AM: Movement & posture reset
09:45 AM - 11:15 AM: KodeKloud Labs: Certificates API & KubeConfig
11:15 AM - 11:30 AM: Eye rest
11:30 AM - 12:00 PM: Exploratory: Generating custom user kubeconfig with client certs and key",,False
"[RECOVERY] 12pm-3pm: Cognitive Reset & Physical Regeneration",11/02/2026,12:00 PM,11/02/2026,03:00 PM,False,"COGNITIVE RECOVERY & INTEGRATION (12:00 PM - 3:00 PM)
12:00 PM - 01:00 PM: Nutritious lunch & total screen detachment
01:00 PM - 02:00 PM: Aerobic exercise / brisk walk outside (BDNF boost)
02:00 PM - 02:45 PM: Power nap or Non-Sleep Deep Rest (NSDR)
02:45 PM - 03:00 PM: Terminal & desk prep for LFCS",,False
"[LFCS] 3pm-6pm: Storage Partitions (MBR vs GPT) & Swap",11/02/2026,03:00 PM,11/02/2026,06:00 PM,False,"LFCS STUDY BLOCK (3:00 PM - 6:00 PM)
Topic: Storage Partitions (MBR vs GPT) & Swap

Schedule:
03:00 PM - 03:20 PM: Storage listing drills (lsblk, blkid, fdisk -l)
03:20 PM - 04:20 PM: Theory: MBR vs GPT partition tables, fdisk, gdisk, parted, creating and activating swap (mkswap, swapon)
04:20 PM - 04:35 PM: Walk & reset
04:35 PM - 05:35 PM: KodeKloud Labs: Manage Partitions and Swap Space
05:35 PM - 06:00 PM: Synthesis: Permanent swap configuration in /etc/fstab",,False
"[CKA] 8am-12pm: RBAC (Roles, RoleBindings & ClusterRoles)",11/03/2026,08:00 AM,11/03/2026,12:00 PM,False,"CKA STUDY BLOCK (8:00 AM - 12:00 PM)
Topic: RBAC (Roles, RoleBindings & ClusterRoles)

Schedule:
08:00 AM - 08:20 AM: Retrieval: Role vs ClusterRole scope
08:20 AM - 09:30 AM: Theory: apiGroups, resources, verbs, subjects, RoleBindings, ClusterRoleBindings, kubectl auth can-i
09:30 AM - 09:45 AM: Physical reset
09:45 AM - 11:15 AM: KodeKloud Labs: Role-Based Access Controls & Cluster Roles
11:15 AM - 11:30 AM: Micro-break
11:30 AM - 12:00 PM: Exploratory: Testing developer permissions via --as=developer flag",,False
"[RECOVERY] 12pm-3pm: Cognitive Reset & Physical Regeneration",11/03/2026,12:00 PM,11/03/2026,03:00 PM,False,"COGNITIVE RECOVERY & INTEGRATION (12:00 PM - 3:00 PM)
12:00 PM - 01:00 PM: Nutritious lunch & total screen detachment
01:00 PM - 02:00 PM: Aerobic exercise / brisk walk outside (BDNF boost)
02:00 PM - 02:45 PM: Power nap or Non-Sleep Deep Rest (NSDR)
02:45 PM - 03:00 PM: Terminal & desk prep for LFCS",,False
"[LFCS] 3pm-6pm: Filesystems & Boot Mounting (/etc/fstab)",11/03/2026,03:00 PM,11/03/2026,06:00 PM,False,"LFCS STUDY BLOCK (3:00 PM - 6:00 PM)
Topic: Filesystems & Boot Mounting (/etc/fstab)

Schedule:
03:00 PM - 03:20 PM: Filesystem creation commands (mkfs.ext4, mkfs.xfs)
03:20 PM - 04:20 PM: Theory: Ext4 vs XFS features, mount options (ro, rw, noexec, nodev), /etc/fstab 6-field layout, UUID mounting
04:20 PM - 04:35 PM: Movement break
04:35 PM - 05:35 PM: KodeKloud Labs: Create Filesystems and Mount Them at Boot
05:35 PM - 06:00 PM: Synthesis: Safe mounting tests with mount -a",,False
"[CKA] 8am-12pm: ServiceAccounts & SecurityContexts",11/04/2026,08:00 AM,11/04/2026,12:00 PM,False,"CKA STUDY BLOCK (8:00 AM - 12:00 PM)
Topic: ServiceAccounts & SecurityContexts

Schedule:
08:00 AM - 08:20 AM: Retrieval: ServiceAccount token projection
08:20 AM - 09:30 AM: Theory: ServiceAccounts, default tokens, Pod Security Standards, runAsUser, runAsNonRoot, capabilities
09:30 AM - 09:45 AM: Hydration break
09:45 AM - 11:15 AM: KodeKloud Labs: Service Accounts & Security Contexts
11:15 AM - 11:30 AM: Eye rest
11:30 AM - 12:00 PM: Exploratory: Adding NET_ADMIN capability to a pod",,False
"[RECOVERY] 12pm-3pm: Cognitive Reset & Physical Regeneration",11/04/2026,12:00 PM,11/04/2026,03:00 PM,False,"COGNITIVE RECOVERY & INTEGRATION (12:00 PM - 3:00 PM)
12:00 PM - 01:00 PM: Nutritious lunch & total screen detachment
01:00 PM - 02:00 PM: Aerobic exercise / brisk walk outside (BDNF boost)
02:00 PM - 02:45 PM: Power nap or Non-Sleep Deep Rest (NSDR)
02:45 PM - 03:00 PM: Terminal & desk prep for LFCS",,False
"[LFCS] 3pm-6pm: Logical Volume Management (LVM) Architecture",11/04/2026,03:00 PM,11/04/2026,06:00 PM,False,"LFCS STUDY BLOCK (3:00 PM - 6:00 PM)
Topic: Logical Volume Management (LVM) Architecture

Schedule:
03:00 PM - 03:20 PM: LVM hierarchy recall (Physical Devices -> PV -> VG -> LV -> Filesystem)
03:20 PM - 04:20 PM: Theory: pvcreate, vgcreate, lvcreate, Volume Groups, Logical Volumes, PE (Physical Extents)
04:20 PM - 04:35 PM: Walk & reset
04:35 PM - 05:35 PM: KodeKloud Labs: Manage and Configure LVM Storage
05:35 PM - 06:00 PM: Synthesis: Creating and formatting a 2GB LVM volume",,False
"[CKA] 8am-12pm: Storage: Volumes, PV, PVC & StorageClasses",11/05/2026,08:00 AM,11/05/2026,12:00 PM,False,"CKA STUDY BLOCK (8:00 AM - 12:00 PM)
Topic: Storage: Volumes, PV, PVC & StorageClasses

Schedule:
08:00 AM - 08:20 AM: Retrieval: PV and PVC binding criteria (accessModes, capacity, storageClassName)
08:20 AM - 09:30 AM: Theory: Persistent Volumes, PVCs, StorageClasses, dynamic volume provisioning, reclaim policies
09:30 AM - 09:45 AM: Physical movement
09:45 AM - 11:15 AM: KodeKloud Labs: Persistent Volumes and Storage Classes
11:15 AM - 11:30 AM: Micro-break
11:30 AM - 12:00 PM: Exploratory: Retain vs Delete reclaim policy verification",,False
"[RECOVERY] 12pm-3pm: Cognitive Reset & Physical Regeneration",11/05/2026,12:00 PM,11/05/2026,03:00 PM,False,"COGNITIVE RECOVERY & INTEGRATION (12:00 PM - 3:00 PM)
12:00 PM - 01:00 PM: Nutritious lunch & total screen detachment
01:00 PM - 02:00 PM: Aerobic exercise / brisk walk outside (BDNF boost)
02:00 PM - 02:45 PM: Power nap or Non-Sleep Deep Rest (NSDR)
02:45 PM - 03:00 PM: Terminal & desk prep for LFCS",,False
"[LFCS] 3pm-6pm: Dynamic LVM Volume Expansion",11/05/2026,03:00 PM,11/05/2026,06:00 PM,False,"LFCS STUDY BLOCK (3:00 PM - 6:00 PM)
Topic: Dynamic LVM Volume Expansion

Schedule:
03:00 PM - 03:20 PM: lvextend flag speedrun (-L +1G, -r, resize2fs, xfs_growfs)
03:20 PM - 04:20 PM: Theory: Non-destructive volume expansion, resizing Ext4 vs XFS filesystems while mounted
04:20 PM - 04:35 PM: Posture break
04:35 PM - 05:35 PM: Practical Terminal Lab: Extend an active LVM volume by 500MB without unmounting or data loss
05:35 PM - 06:00 PM: Synthesis: Extending a Volume Group with a new physical disk (vgextend)",,False
"[CKA] 8am-12pm: Helm & Kustomize (2025 Updates)",11/06/2026,08:00 AM,11/06/2026,12:00 PM,False,"CKA STUDY BLOCK (8:00 AM - 12:00 PM)
Topic: Helm & Kustomize (2025 Updates)

Schedule:
08:00 AM - 08:20 AM: Retrieval: Helm chart layout vs Kustomize directory structure
08:20 AM - 09:30 AM: Theory: Helm repo/install/upgrade/values, Kustomize kustomization.yaml, overlays, transformers, patches
09:30 AM - 09:45 AM: Movement & hydration
09:45 AM - 11:15 AM: KodeKloud Labs: Helm Basics & Kustomize Basics
11:15 AM - 11:30 AM: Eye rest
11:30 AM - 12:00 PM: Exploratory: Generating patched environments using kustomize build",,False
"[RECOVERY] 12pm-3pm: Cognitive Reset & Physical Regeneration",11/06/2026,12:00 PM,11/06/2026,03:00 PM,False,"COGNITIVE RECOVERY & INTEGRATION (12:00 PM - 3:00 PM)
12:00 PM - 01:00 PM: Nutritious lunch & total screen detachment
01:00 PM - 02:00 PM: Aerobic exercise / brisk walk outside (BDNF boost)
02:00 PM - 02:45 PM: Power nap or Non-Sleep Deep Rest (NSDR)
02:45 PM - 03:00 PM: Terminal & desk prep for LFCS",,False
"[LFCS] 3pm-6pm: Remote Filesystems: NFS & Storage Monitoring",11/06/2026,03:00 PM,11/06/2026,06:00 PM,False,"LFCS STUDY BLOCK (3:00 PM - 6:00 PM)
Topic: Remote Filesystems: NFS & Storage Monitoring

Schedule:
03:00 PM - 03:20 PM: NFS export syntax drills (/etc/exports)
03:20 PM - 04:20 PM: Theory: NFS server configuration, exportfs -r, NFS client mounting, storage performance monitoring (df -h, du -sh, iostat)
04:20 PM - 04:35 PM: Walk break
04:35 PM - 05:35 PM: KodeKloud Labs: Remote Filesystems (NFS) & Monitor Storage Performance
05:35 PM - 06:00 PM: Error Ledger review",,False
"[CKA] 8am-12pm: Security & Storage Lab Triathlon",11/07/2026,08:00 AM,11/07/2026,12:00 PM,False,"CKA STUDY BLOCK (8:00 AM - 12:00 PM)
Topic: Security & Storage Lab Triathlon

Schedule:
08:00 AM - 09:30 AM: Multi-tenant RBAC + ServiceAccount + PVC volume mounting scenario
09:30 AM - 09:45 AM: Physical reset
09:45 AM - 11:00 AM: Helm chart deployment with custom values and Kustomize overlay
11:00 AM - 12:00 PM: Milestone 6 Assessment: Enterprise security & storage configuration",,False
"[RECOVERY] 12pm-3pm: Cognitive Reset & Physical Regeneration",11/07/2026,12:00 PM,11/07/2026,03:00 PM,False,"COGNITIVE RECOVERY & INTEGRATION (12:00 PM - 3:00 PM)
12:00 PM - 01:00 PM: Nutritious lunch & total screen detachment
01:00 PM - 02:00 PM: Aerobic exercise / brisk walk outside (BDNF boost)
02:00 PM - 02:45 PM: Power nap or Non-Sleep Deep Rest (NSDR)
02:45 PM - 03:00 PM: Terminal & desk prep for LFCS",,False
"[LFCS] 3pm-6pm: Week 6 Storage Mastery & LVM Drill",11/07/2026,03:00 PM,11/07/2026,06:00 PM,False,"LFCS STUDY BLOCK (3:00 PM - 6:00 PM)
Topic: Week 6 Storage Mastery & LVM Drill

Schedule:
03:00 PM - 04:15 PM: Complete storage marathon: Partition disk, create LVM, format XFS, mount in /etc/fstab, expand online
04:15 PM - 04:30 PM: Stretch break
04:30 PM - 05:30 PM: Configure NFS share and mount persistently from client VM
05:30 PM - 06:00 PM: Milestone 6 Assessment: Storage integrity and LVM expansion",,False
"[CKA] 8am-12pm: Cluster & Pod Networking Prerequisites",11/09/2026,08:00 AM,11/09/2026,12:00 PM,False,"CKA STUDY BLOCK (8:00 AM - 12:00 PM)
Topic: Cluster & Pod Networking Prerequisites

Schedule:
08:00 AM - 08:20 AM: Retrieval: Network namespaces and veth pairs
08:20 AM - 09:30 AM: Theory: Pod network CIDR, IPAM, CNI (Container Network Interface) plugins (Calico, Flannel, Weave)
09:30 AM - 09:45 AM: Movement & posture reset
09:45 AM - 11:15 AM: KodeKloud Labs: Prerequisite Switching, Routing, Gateways & CNI in Kubernetes
11:15 AM - 11:30 AM: Eye rest
11:30 AM - 12:00 PM: Exploratory: Inspecting CNI configuration files in /etc/cni/net.d/",,False
"[RECOVERY] 12pm-3pm: Cognitive Reset & Physical Regeneration",11/09/2026,12:00 PM,11/09/2026,03:00 PM,False,"COGNITIVE RECOVERY & INTEGRATION (12:00 PM - 3:00 PM)
12:00 PM - 01:00 PM: Nutritious lunch & total screen detachment
01:00 PM - 02:00 PM: Aerobic exercise / brisk walk outside (BDNF boost)
02:00 PM - 02:45 PM: Power nap or Non-Sleep Deep Rest (NSDR)
02:45 PM - 03:00 PM: Terminal & desk prep for LFCS",,False
"[LFCS] 3pm-6pm: Linux Networking Configuration (IP & Routing)",11/09/2026,03:00 PM,11/09/2026,06:00 PM,False,"LFCS STUDY BLOCK (3:00 PM - 6:00 PM)
Topic: Linux Networking Configuration (IP & Routing)

Schedule:
03:00 PM - 03:20 PM: ip command speedrun (ip addr, ip link, ip route)
03:20 PM - 04:20 PM: Theory: Static vs DHCP IP configuration, routing tables, default gateway, hostname resolution (/etc/hosts, /etc/resolv.conf)
04:20 PM - 04:35 PM: Walk & reset
04:35 PM - 05:35 PM: KodeKloud Labs: Configure IPv4 & IPv6 Networking and Hostname Resolution
05:35 PM - 06:00 PM: Synthesis: Configuring network interfaces via nmcli and ip commands",,False
"[CKA] 8am-12pm: Service Networking & CoreDNS Deep Dive",11/10/2026,08:00 AM,11/10/2026,12:00 PM,False,"CKA STUDY BLOCK (8:00 AM - 12:00 PM)
Topic: Service Networking & CoreDNS Deep Dive

Schedule:
08:00 AM - 08:20 AM: Retrieval: Service CIDR vs Pod CIDR separation
08:20 AM - 09:30 AM: Theory: How kube-proxy intercepts service IPs, CoreDNS Corefile configuration, troubleshooting DNS lookup failures
09:30 AM - 09:45 AM: Physical reset
09:45 AM - 11:15 AM: KodeKloud Labs: Service Networking & CoreDNS in Kubernetes
11:15 AM - 11:30 AM: Micro-break
11:30 AM - 12:00 PM: Exploratory: Modifying CoreDNS configmap and watching resolution changes",,False
"[RECOVERY] 12pm-3pm: Cognitive Reset & Physical Regeneration",11/10/2026,12:00 PM,11/10/2026,03:00 PM,False,"COGNITIVE RECOVERY & INTEGRATION (12:00 PM - 3:00 PM)
12:00 PM - 01:00 PM: Nutritious lunch & total screen detachment
01:00 PM - 02:00 PM: Aerobic exercise / brisk walk outside (BDNF boost)
02:00 PM - 02:45 PM: Power nap or Non-Sleep Deep Rest (NSDR)
02:45 PM - 03:00 PM: Terminal & desk prep for LFCS",,False
"[LFCS] 3pm-6pm: Network Bonding & Bridging",11/10/2026,03:00 PM,11/10/2026,06:00 PM,False,"LFCS STUDY BLOCK (3:00 PM - 6:00 PM)
Topic: Network Bonding & Bridging

Schedule:
03:00 PM - 03:20 PM: Bonding modes recall (round-robin, active-backup, 802.3ad LACP)
03:20 PM - 04:20 PM: Theory: Network device bonding for redundancy/throughput, Linux bridge devices for VM/container networks
04:20 PM - 04:35 PM: Movement break
04:35 PM - 05:35 PM: KodeKloud Labs: Configure Bridge and Bonding Devices
05:35 PM - 06:00 PM: Synthesis: Creating a software bridge interface",,False
"[CKA] 8am-12pm: Ingress Controllers & Routing Rules",11/11/2026,08:00 AM,11/11/2026,12:00 PM,False,"CKA STUDY BLOCK (8:00 AM - 12:00 PM)
Topic: Ingress Controllers & Routing Rules

Schedule:
08:00 AM - 08:20 AM: Retrieval: Ingress resource vs Ingress controller
08:20 AM - 09:30 AM: Theory: Ingress rules (host-based, path-based), annotations, rewrite-target, default-backend
09:30 AM - 09:45 AM: Hydration break
09:45 AM - 11:15 AM: KodeKloud Labs: CKA Ingress Networking Labs 1 & 2
11:15 AM - 11:30 AM: Eye rest
11:30 AM - 12:00 PM: Exploratory: Testing path rewriting on Nginx ingress controller",,False
"[RECOVERY] 12pm-3pm: Cognitive Reset & Physical Regeneration",11/11/2026,12:00 PM,11/11/2026,03:00 PM,False,"COGNITIVE RECOVERY & INTEGRATION (12:00 PM - 3:00 PM)
12:00 PM - 01:00 PM: Nutritious lunch & total screen detachment
01:00 PM - 02:00 PM: Aerobic exercise / brisk walk outside (BDNF boost)
02:00 PM - 02:45 PM: Power nap or Non-Sleep Deep Rest (NSDR)
02:45 PM - 03:00 PM: Terminal & desk prep for LFCS",,False
"[LFCS] 3pm-6pm: Packet Filtering with Firewalld & Iptables",11/11/2026,03:00 PM,11/11/2026,06:00 PM,False,"LFCS STUDY BLOCK (3:00 PM - 6:00 PM)
Topic: Packet Filtering with Firewalld & Iptables

Schedule:
03:00 PM - 03:20 PM: firewall-cmd speedrun (--add-port, --permanent, --reload)
03:20 PM - 04:20 PM: Theory: Netfilter architecture, firewalld zones, services, rich rules, basic iptables chains (INPUT, OUTPUT, FORWARD)
04:20 PM - 04:35 PM: Walk & reset
04:35 PM - 05:35 PM: KodeKloud Labs: Configure Packet Filtering (Firewall)
05:35 PM - 06:00 PM: Synthesis: Hardening server to allow only SSH and HTTPS",,False
"[CKA] 8am-12pm: Gateway API (2025 Updates)",11/12/2026,08:00 AM,11/12/2026,12:00 PM,False,"CKA STUDY BLOCK (8:00 AM - 12:00 PM)
Topic: Gateway API (2025 Updates)

Schedule:
08:00 AM - 08:20 AM: Retrieval: Gateway API role separation (GatewayClass, Gateway, HTTPRoute)
08:20 AM - 09:30 AM: Theory: Gateway API architecture, comparing Ingress vs Gateway API, HTTPRoute routing matches
09:30 AM - 09:45 AM: Physical movement
09:45 AM - 11:15 AM: KodeKloud Labs: Gateway API (2025 Updates)
11:15 AM - 11:30 AM: Micro-break
11:30 AM - 12:00 PM: Exploratory: Configuring weighted routing between service versions via HTTPRoute",,False
"[RECOVERY] 12pm-3pm: Cognitive Reset & Physical Regeneration",11/12/2026,12:00 PM,11/12/2026,03:00 PM,False,"COGNITIVE RECOVERY & INTEGRATION (12:00 PM - 3:00 PM)
12:00 PM - 01:00 PM: Nutritious lunch & total screen detachment
01:00 PM - 02:00 PM: Aerobic exercise / brisk walk outside (BDNF boost)
02:00 PM - 02:45 PM: Power nap or Non-Sleep Deep Rest (NSDR)
02:45 PM - 03:00 PM: Terminal & desk prep for LFCS",,False
"[LFCS] 3pm-6pm: NAT, Port Redirection & Reverse Proxies",11/12/2026,03:00 PM,11/12/2026,06:00 PM,False,"LFCS STUDY BLOCK (3:00 PM - 6:00 PM)
Topic: NAT, Port Redirection & Reverse Proxies

Schedule:
03:00 PM - 03:20 PM: NAT terminology (SNAT, DNAT, Masquerading)
03:20 PM - 04:20 PM: Theory: Port forwarding via firewall, configuring reverse proxy / load balancer (HAProxy/Nginx fundamentals)
04:20 PM - 04:35 PM: Posture break
04:35 PM - 05:35 PM: KodeKloud Labs: Port Redirection and NAT & Reverse Proxies
05:35 PM - 06:00 PM: Synthesis: Port forwarding local port 8080 to internal backend port 80",,False
"[CKA] 8am-12pm: Network Policies Deep Dive",11/13/2026,08:00 AM,11/13/2026,12:00 PM,False,"CKA STUDY BLOCK (8:00 AM - 12:00 PM)
Topic: Network Policies Deep Dive

Schedule:
08:00 AM - 08:20 AM: Retrieval: Default deny ingress and egress manifest structure
08:20 AM - 09:30 AM: Theory: NetworkPolicy spec, podSelector, namespaceSelector, ipBlock CIDR exceptions, ports
09:30 AM - 09:45 AM: Movement & hydration
09:45 AM - 11:15 AM: KodeKloud Labs: Network Policies Labs
11:15 AM - 11:30 AM: Eye rest
11:30 AM - 12:00 PM: Visual Sketch: Drawing multi-namespace network policy isolation on whiteboard",,False
"[RECOVERY] 12pm-3pm: Cognitive Reset & Physical Regeneration",11/13/2026,12:00 PM,11/13/2026,03:00 PM,False,"COGNITIVE RECOVERY & INTEGRATION (12:00 PM - 3:00 PM)
12:00 PM - 01:00 PM: Nutritious lunch & total screen detachment
01:00 PM - 02:00 PM: Aerobic exercise / brisk walk outside (BDNF boost)
02:00 PM - 02:45 PM: Power nap or Non-Sleep Deep Rest (NSDR)
02:45 PM - 03:00 PM: Terminal & desk prep for LFCS",,False
"[LFCS] 3pm-6pm: SSH Hardening, Key Auth & Time Sync",11/13/2026,03:00 PM,11/13/2026,06:00 PM,False,"LFCS STUDY BLOCK (3:00 PM - 6:00 PM)
Topic: SSH Hardening, Key Auth & Time Sync

Schedule:
03:00 PM - 03:20 PM: ssh-keygen and ssh-copy-id speed drills
03:20 PM - 04:20 PM: Theory: /etc/ssh/sshd_config hardening (Disable root login, password auth, custom port), chrony / timedatectl time sync
04:20 PM - 04:35 PM: Walk break
04:35 PM - 05:35 PM: KodeKloud Labs: Configure SSH Servers/Clients & Time Servers
05:35 PM - 06:00 PM: Synthesis: Setting up SSH key-based access with passphrase",,False
"[CKA] 8am-12pm: Week 7 Network Mastery Triathlon",11/14/2026,08:00 AM,11/14/2026,12:00 PM,False,"CKA STUDY BLOCK (8:00 AM - 12:00 PM)
Topic: Week 7 Network Mastery Triathlon

Schedule:
08:00 AM - 09:30 AM: Deploy multi-service Ingress with TLS termination and Network Policy isolation
09:30 AM - 09:45 AM: Physical reset
09:45 AM - 11:00 AM: CNI crash troubleshooting and pod IP allocation recovery
11:00 AM - 12:00 PM: Milestone 7 Assessment: Networking, Ingress & Security lockdown",,False
"[RECOVERY] 12pm-3pm: Cognitive Reset & Physical Regeneration",11/14/2026,12:00 PM,11/14/2026,03:00 PM,False,"COGNITIVE RECOVERY & INTEGRATION (12:00 PM - 3:00 PM)
12:00 PM - 01:00 PM: Nutritious lunch & total screen detachment
01:00 PM - 02:00 PM: Aerobic exercise / brisk walk outside (BDNF boost)
02:00 PM - 02:45 PM: Power nap or Non-Sleep Deep Rest (NSDR)
02:45 PM - 03:00 PM: Terminal & desk prep for LFCS",,False
"[LFCS] 3pm-6pm: Week 7 Linux Networking & Firewall Marathon",11/14/2026,03:00 PM,11/14/2026,06:00 PM,False,"LFCS STUDY BLOCK (3:00 PM - 6:00 PM)
Topic: Week 7 Linux Networking & Firewall Marathon

Schedule:
03:00 PM - 04:15 PM: Build bridge network, configure static IP, set up firewalld port redirection and harden SSH
04:15 PM - 04:30 PM: Stretch break
04:30 PM - 05:30 PM: Timed network troubleshooting (broken default route, DNS resolver failure)
05:30 PM - 06:00 PM: Milestone 7 Assessment: Network configuration and firewall lockdown",,False
"[CKA] 8am-12pm: Troubleshooting: Control Plane & Applications",11/16/2026,08:00 AM,11/16/2026,12:00 PM,False,"CKA STUDY BLOCK (8:00 AM - 12:00 PM)
Topic: Troubleshooting: Control Plane & Applications

Schedule:
08:00 AM - 08:20 AM: Retrieval: Checking control plane logs in /var/log/pods and static pod manifests
08:20 AM - 09:30 AM: Theory: Troubleshooting kube-apiserver crashloops, etcd connection loss, misconfigured kubelet ports
09:30 AM - 09:45 AM: Movement & posture reset
09:45 AM - 11:15 AM: KodeKloud Labs: Application Failure & Control Plane Failure Labs
11:15 AM - 11:30 AM: Eye rest
11:30 AM - 12:00 PM: Exploratory: Intentionally corrupting kube-apiserver manifest and restoring service",,False
"[RECOVERY] 12pm-3pm: Cognitive Reset & Physical Regeneration",11/16/2026,12:00 PM,11/16/2026,03:00 PM,False,"COGNITIVE RECOVERY & INTEGRATION (12:00 PM - 3:00 PM)
12:00 PM - 01:00 PM: Nutritious lunch & total screen detachment
01:00 PM - 02:00 PM: Aerobic exercise / brisk walk outside (BDNF boost)
02:00 PM - 02:45 PM: Power nap or Non-Sleep Deep Rest (NSDR)
02:45 PM - 03:00 PM: Terminal & desk prep for LFCS",,False
"[LFCS] 3pm-6pm: Containers & Virtual Machines on Linux",11/16/2026,03:00 PM,11/16/2026,06:00 PM,False,"LFCS STUDY BLOCK (3:00 PM - 6:00 PM)
Topic: Containers & Virtual Machines on Linux

Schedule:
03:00 PM - 03:20 PM: Podman/Docker command speedrun (run, ps, images, exec)
03:20 PM - 04:20 PM: Theory: Container isolation (namespaces & cgroups), KVM/QEMU, virsh CLI for VM management
04:20 PM - 04:35 PM: Walk & reset
04:35 PM - 05:35 PM: KodeKloud Labs: Create and Manage Containers & VMs
05:35 PM - 06:00 PM: Synthesis: Deploying a containerized web server and binding ports",,False
"[CKA] 8am-12pm: Troubleshooting: Worker Nodes & Network Failure",11/17/2026,08:00 AM,11/17/2026,12:00 PM,False,"CKA STUDY BLOCK (8:00 AM - 12:00 PM)
Topic: Troubleshooting: Worker Nodes & Network Failure

Schedule:
08:00 AM - 08:20 AM: Retrieval: Node NotReady diagnostic workflow (systemctl status kubelet, journalctl -u kubelet)
08:20 AM - 09:30 AM: Theory: Kubelet certificates renewal, CNI plugin binary issues, CoreDNS crashes
09:30 AM - 09:45 AM: Physical reset
09:45 AM - 11:15 AM: KodeKloud Labs: Worker Node Failure & Network Troubleshooting Labs
11:15 AM - 11:30 AM: Micro-break
11:30 AM - 12:00 PM: Speed Drill: Diagnosing and joining a detached worker node in under 5 minutes",,False
"[RECOVERY] 12pm-3pm: Cognitive Reset & Physical Regeneration",11/17/2026,12:00 PM,11/17/2026,03:00 PM,False,"COGNITIVE RECOVERY & INTEGRATION (12:00 PM - 3:00 PM)
12:00 PM - 01:00 PM: Nutritious lunch & total screen detachment
01:00 PM - 02:00 PM: Aerobic exercise / brisk walk outside (BDNF boost)
02:00 PM - 02:45 PM: Power nap or Non-Sleep Deep Rest (NSDR)
02:45 PM - 03:00 PM: Terminal & desk prep for LFCS",,False
"[LFCS] 3pm-6pm: Timed Mock Exam 1 (Strict Exam Conditions)",11/17/2026,03:00 PM,11/17/2026,06:00 PM,False,"LFCS STUDY BLOCK (3:00 PM - 6:00 PM)
Topic: Timed Mock Exam 1 (Strict Exam Conditions)

Schedule:
03:00 PM - 03:10 PM: Terminal setup and mental grounding
03:10 PM - 04:25 PM: KodeKloud LFCS Mock Exam 1 (Strict timed conditions, no external help)
04:25 PM - 04:45 PM: Walk break & cognitive decompression
04:45 PM - 05:45 PM: Mock Exam 1 Error Analysis: Review mistakes and document in Error Ledger
05:45 PM - 06:00 PM: Redo missed questions immediately",,False
"[CKA] 8am-12pm: JSONPath Queries & Lightning Labs 1 & 2",11/18/2026,08:00 AM,11/18/2026,12:00 PM,False,"CKA STUDY BLOCK (8:00 AM - 12:00 PM)
Topic: JSONPath Queries & Lightning Labs 1 & 2

Schedule:
08:00 AM - 08:20 AM: Retrieval: JSONPath syntax (-o jsonpath='{.items[*].metadata.name}')
08:20 AM - 09:30 AM: Theory & Drills: Custom column formatting, range filtering, sorting by fields (--sort-by)
09:30 AM - 09:45 AM: Hydration break
09:45 AM - 11:15 AM: KodeKloud Labs: JSON Path in Kubernetes & Lightning Labs 1 & 2
11:15 AM - 11:30 AM: Eye rest
11:30 AM - 12:00 PM: Speed review of Lightning Lab questions completed under target time",,False
"[RECOVERY] 12pm-3pm: Cognitive Reset & Physical Regeneration",11/18/2026,12:00 PM,11/18/2026,03:00 PM,False,"COGNITIVE RECOVERY & INTEGRATION (12:00 PM - 3:00 PM)
12:00 PM - 01:00 PM: Nutritious lunch & total screen detachment
01:00 PM - 02:00 PM: Aerobic exercise / brisk walk outside (BDNF boost)
02:00 PM - 02:45 PM: Power nap or Non-Sleep Deep Rest (NSDR)
02:45 PM - 03:00 PM: Terminal & desk prep for LFCS",,False
"[LFCS] 3pm-6pm: Timed Mock Exam 2 (Strict Exam Conditions)",11/18/2026,03:00 PM,11/18/2026,06:00 PM,False,"LFCS STUDY BLOCK (3:00 PM - 6:00 PM)
Topic: Timed Mock Exam 2 (Strict Exam Conditions)

Schedule:
03:00 PM - 03:10 PM: Setup & deep breathing
03:10 PM - 04:25 PM: KodeKloud LFCS Mock Exam 2 (Strict timed conditions)
04:25 PM - 04:45 PM: Movement & posture reset
04:45 PM - 05:45 PM: Mock Exam 2 Error Analysis & deep dive on missed topics
05:45 PM - 06:00 PM: Redo failed tasks from scratch",,False
"[CKA] 8am-12pm: Timed Mock Exam 1 & Step-by-Step Review",11/19/2026,08:00 AM,11/19/2026,12:00 PM,False,"CKA STUDY BLOCK (8:00 AM - 12:00 PM)
Topic: Timed Mock Exam 1 & Step-by-Step Review

Schedule:
08:00 AM - 08:15 AM: Terminal environment prep (alias k=kubectl, export do, export now)
08:15 AM - 10:15 AM: KodeKloud CKA Mock Exam 1 (Strict 2-hour timed exam simulation)
10:15 AM - 10:30 AM: Physical walk & mental reset
10:30 AM - 12:00 PM: Comprehensive Mock 1 Review: Analyze scoring, optimize slow commands",,False
"[RECOVERY] 12pm-3pm: Cognitive Reset & Physical Regeneration",11/19/2026,12:00 PM,11/19/2026,03:00 PM,False,"COGNITIVE RECOVERY & INTEGRATION (12:00 PM - 3:00 PM)
12:00 PM - 01:00 PM: Nutritious lunch & total screen detachment
01:00 PM - 02:00 PM: Aerobic exercise / brisk walk outside (BDNF boost)
02:00 PM - 02:45 PM: Power nap or Non-Sleep Deep Rest (NSDR)
02:45 PM - 03:00 PM: Terminal & desk prep for LFCS",,False
"[LFCS] 3pm-6pm: Timed Mock Exam 3 (Strict Exam Conditions)",11/19/2026,03:00 PM,11/19/2026,06:00 PM,False,"LFCS STUDY BLOCK (3:00 PM - 6:00 PM)
Topic: Timed Mock Exam 3 (Strict Exam Conditions)

Schedule:
03:00 PM - 03:10 PM: Setup & focus
03:10 PM - 04:25 PM: KodeKloud LFCS Mock Exam 3 (Strict timed conditions)
04:25 PM - 04:45 PM: Physical walk
04:45 PM - 05:45 PM: Mock Exam 3 Error Analysis & command refinement
05:45 PM - 06:00 PM: Redo missed questions",,False
"[CKA] 8am-12pm: Timed Mock Exam 2 & 3 Marathon",11/20/2026,08:00 AM,11/20/2026,12:00 PM,False,"CKA STUDY BLOCK (8:00 AM - 12:00 PM)
Topic: Timed Mock Exam 2 & 3 Marathon

Schedule:
08:00 AM - 08:15 AM: Terminal warm-up
08:15 AM - 10:00 AM: KodeKloud CKA Mock Exam 2 & 3 high-weight scenario drills
10:00 AM - 10:15 AM: Movement & eye rest
10:15 AM - 11:30 AM: KodeKloud Ultimate Mock Exam challenges
11:30 AM - 12:00 PM: Verify allowed documentation bookmarks on kubernetes.io/docs",,False
"[RECOVERY] 12pm-3pm: Cognitive Reset & Physical Regeneration",11/20/2026,12:00 PM,11/20/2026,03:00 PM,False,"COGNITIVE RECOVERY & INTEGRATION (12:00 PM - 3:00 PM)
12:00 PM - 01:00 PM: Nutritious lunch & total screen detachment
01:00 PM - 02:00 PM: Aerobic exercise / brisk walk outside (BDNF boost)
02:00 PM - 02:45 PM: Power nap or Non-Sleep Deep Rest (NSDR)
02:45 PM - 03:00 PM: Terminal & desk prep for LFCS",,False
"[LFCS] 3pm-6pm: Timed Mock Exam 4 & Final Speed Marathon",11/20/2026,03:00 PM,11/20/2026,06:00 PM,False,"LFCS STUDY BLOCK (3:00 PM - 6:00 PM)
Topic: Timed Mock Exam 4 & Final Speed Marathon

Schedule:
03:00 PM - 03:10 PM: Final exam setup
03:10 PM - 04:25 PM: KodeKloud LFCS Mock Exam 4 (Strict timed conditions)
04:25 PM - 04:45 PM: Walk break
04:45 PM - 05:45 PM: 20-Question Rapid Linux Admin Scenario Sprint
05:45 PM - 06:00 PM: Final Error Ledger consolidation",,False
"[CKA] 8am-12pm: Killer.sh Simulator Marathon (Exam Benchmark)",11/21/2026,08:00 AM,11/21/2026,12:00 PM,False,"CKA STUDY BLOCK (8:00 AM - 12:00 PM)
Topic: Killer.sh Simulator Marathon (Exam Benchmark)

Schedule:
08:00 AM - 08:15 AM: Grounding, water, and full screen isolation
08:15 AM - 10:15 AM: Killer.sh CKA Simulator Session (Strict 2-hour uninterrupted simulation)
10:15 AM - 10:45 AM: Extended walk, fresh air, cognitive recovery
10:45 AM - 12:00 PM: Killer.sh in-depth question review & explanation study (Target: score >= 80%)
Final Milestone Gate cleared!",,False
"[RECOVERY] 12pm-3pm: Cognitive Reset & Physical Regeneration",11/21/2026,12:00 PM,11/21/2026,03:00 PM,False,"COGNITIVE RECOVERY & INTEGRATION (12:00 PM - 3:00 PM)
12:00 PM - 01:00 PM: Nutritious lunch & total screen detachment
01:00 PM - 02:00 PM: Aerobic exercise / brisk walk outside (BDNF boost)
02:00 PM - 02:45 PM: Power nap or Non-Sleep Deep Rest (NSDR)
02:45 PM - 03:00 PM: Terminal & desk prep for LFCS",,False
"[LFCS] 3pm-6pm: Certification Gate Review & Readiness Audit",11/21/2026,03:00 PM,11/21/2026,06:00 PM,False,"LFCS STUDY BLOCK (3:00 PM - 6:00 PM)
Topic: Certification Gate Review & Readiness Audit

Schedule:
03:00 PM - 04:30 PM: Comprehensive review of personal command cheat sheets (LVM, systemd, networking, permissions, regex)
04:30 PM - 04:45 PM: Movement break
04:45 PM - 06:00 PM: Final confidence check across all LFCS exam domains
Final Milestone Gate cleared!",,False
"[REST] Full Recovery & Memory Consolidation (Week 1)",09/20/2026,08:00 AM,09/20/2026,06:00 PM,False,"Complete detachment from code and terminal.
Engage in physical movement, outdoor activities, social time, and restorative sleep.
Allows long-term synaptic consolidation of weekly concepts.",,False
"[REST] Full Recovery & Memory Consolidation (Week 2)",10/11/2026,08:00 AM,10/11/2026,06:00 PM,False,"Complete detachment from code and terminal.
Engage in physical movement, outdoor activities, social time, and restorative sleep.
Allows long-term synaptic consolidation of weekly concepts.",,False
"[REST] Full Recovery & Memory Consolidation (Week 3)",10/18/2026,08:00 AM,10/18/2026,06:00 PM,False,"Complete detachment from code and terminal.
Engage in physical movement, outdoor activities, social time, and restorative sleep.
Allows long-term synaptic consolidation of weekly concepts.",,False
"[REST] Full Recovery & Memory Consolidation (Week 4)",10/25/2026,08:00 AM,10/25/2026,06:00 PM,False,"Complete detachment from code and terminal.
Engage in physical movement, outdoor activities, social time, and restorative sleep.
Allows long-term synaptic consolidation of weekly concepts.",,False
"[REST] Full Recovery & Memory Consolidation (Week 5)",11/01/2026,08:00 AM,11/01/2026,06:00 PM,False,"Complete detachment from code and terminal.
Engage in physical movement, outdoor activities, social time, and restorative sleep.
Allows long-term synaptic consolidation of weekly concepts.",,False
"[REST] Full Recovery & Memory Consolidation (Week 6)",11/08/2026,08:00 AM,11/08/2026,06:00 PM,False,"Complete detachment from code and terminal.
Engage in physical movement, outdoor activities, social time, and restorative sleep.
Allows long-term synaptic consolidation of weekly concepts.",,False
"[REST] Full Recovery & Memory Consolidation (Week 7)",11/15/2026,08:00 AM,11/15/2026,06:00 PM,False,"Complete detachment from code and terminal.
Engage in physical movement, outdoor activities, social time, and restorative sleep.
Allows long-term synaptic consolidation of weekly concepts.",,False
"[REST] Exam Ready! Full Rest & Mental Grounding",11/22/2026,08:00 AM,11/22/2026,06:00 PM,False,"Complete detachment from code and terminal.
Engage in physical movement, outdoor activities, social time, and restorative sleep.
Allows long-term synaptic consolidation of weekly concepts.",,False
